Time (s),X,Y,Z,Direction
0,-5.669999999999995,4.41,1.27,Stationary
0.032,-5.669999999999995,4.41,1.27,Stationary
0.064,-5.669999999999995,4.41,1.27,Stationary
0.096,-5.669999999999995,4.41,1.27,Stationary
0.128,-5.669999999999995,4.41,1.27,Stationary
0.16,-5.669999999999995,4.41,1.27,Stationary
0.192,-5.669999999999995,4.41,1.27,Stationary
0.224,-5.669999999999995,4.41,1.27,Stationary
0.256,-5.669999999999995,4.41,1.27,Stationary
0.28800000000000003,-5.669999999999995,4.41,1.27,Stationary
0.32000000000000006,-5.669999999999995,4.41,1.27,Stationary
0.3520000000000001,-5.669999999999995,4.41,1.27,Stationary
0.3840000000000001,-5.669999999999995,4.41,1.27,Stationary
0.41600000000000015,-5.669999999999995,4.41,1.27,Stationary
0.4480000000000002,-5.669999999999995,4.41,1.27,Stationary
0.4800000000000002,-5.669999999999995,4.41,1.27,Stationary
0.5120000000000002,-5.669999999999995,4.41,1.27,Stationary
0.5440000000000003,-5.669999999999995,4.41,1.27,Stationary
0.5760000000000003,-5.669999999999995,4.41,1.27,Stationary
0.6080000000000003,-5.669999999999995,4.41,1.27,Stationary
0.6400000000000003,-5.669999999999995,4.41,1.27,Stationary
0.6720000000000004,-5.669999999999995,4.41,1.27,Stationary
0.7040000000000004,-5.669999999999995,4.41,1.27,Stationary
0.7360000000000004,-5.669999999999995,4.41,1.27,Stationary
0.7680000000000005,-5.669999999999995,4.41,1.27,Stationary
0.8000000000000005,-5.669999999999995,4.41,1.27,Stationary
0.8320000000000005,-5.669999999999995,4.41,1.27,Stationary
0.8640000000000005,-5.669999999999995,4.41,1.27,Stationary
0.8960000000000006,-5.669999999999995,4.41,1.27,Stationary
0.9280000000000006,-5.669999999999995,4.41,1.27,Stationary
0.9600000000000006,-5.669999999999995,4.41,1.27,Stationary
0.9920000000000007,-5.669999999999995,4.41,1.27,Stationary
1.0240000000000007,-5.669999999999995,4.41,1.27,Stationary
1.0560000000000007,-5.669999999999995,4.41,1.27,Stationary
1.0880000000000007,-5.669999999999995,4.41,1.27,Stationary
1.1200000000000008,-5.669999999999995,4.41,1.27,Stationary
1.1520000000000008,-5.669999999999995,4.41,1.27,Stationary
1.1840000000000008,-5.669999999999995,4.41,1.27,Stationary
1.2160000000000009,-5.669999999999995,4.41,1.27,Stationary
1.2480000000000009,-5.669999999999995,4.41,1.27,Stationary
1.280000000000001,-5.669999999999995,4.41,1.27,Stationary
1.312000000000001,-5.669999999999995,4.41,1.27,Stationary
1.344000000000001,-5.669999999999995,4.41,1.27,Stationary
1.376000000000001,-5.669999999999995,4.41,1.27,Stationary
1.408000000000001,-5.669999999999995,4.41,1.27,Stationary
1.440000000000001,-5.669999999999995,4.41,1.27,Stationary
1.472000000000001,-5.669999999999995,4.41,1.27,Stationary
1.5040000000000011,-5.669999999999995,4.41,1.27,Stationary
1.5360000000000011,-5.669999999999995,4.41,1.27,Stationary
1.5680000000000012,-5.669999999999995,4.41,1.27,Stationary
1.6000000000000012,-5.669999999999995,4.41,1.27,Stationary
1.6320000000000012,-5.669999999999995,4.41,1.27,Stationary
1.6640000000000013,-5.669999999999995,4.41,1.27,Stationary
1.6960000000000013,-5.669999999999995,4.41,1.27,Stationary
1.7280000000000013,-5.669999999999995,4.41,1.27,Stationary
1.7600000000000013,-5.669999999999995,4.41,1.27,Stationary
1.7920000000000014,-5.669999999999995,4.41,1.27,Stationary
1.8240000000000014,-5.669999999999995,4.41,1.27,Stationary
1.8560000000000014,-5.669999999999995,4.41,1.27,Stationary
1.8880000000000015,-5.669999999999995,4.41,1.27,Stationary
1.9200000000000015,-5.669999999999995,4.41,1.27,Stationary
1.9520000000000015,-5.669999999999995,4.41,1.27,Stationary
1.9840000000000015,-5.669999999999995,4.41,1.27,Stationary
2.0160000000000013,-5.669999999999995,4.41,1.27,Stationary
2.0480000000000014,-5.669999999999995,4.41,1.27,Stationary
2.0800000000000014,-5.669999999999995,4.41,1.27,Stationary
2.1120000000000014,-5.669999999999995,4.41,1.27,Stationary
2.1440000000000015,-5.669999999999995,4.41,1.27,Stationary
2.1760000000000015,-5.669999999999995,4.41,1.27,Stationary
2.2080000000000015,-5.669999999999995,4.41,1.27,Stationary
2.2400000000000015,-5.669999999999995,4.41,1.27,Stationary
2.2720000000000016,-5.669999999999995,4.41,1.27,Stationary
2.3040000000000016,-5.669999999999995,4.41,1.27,Stationary
2.3360000000000016,-5.669999999999995,4.41,1.27,Stationary
2.3680000000000017,-5.669999999999995,4.41,1.27,Stationary
2.4000000000000017,-5.669999999999995,4.41,1.27,Stationary
2.4320000000000017,-5.669999999999995,4.41,1.27,Stationary
2.4640000000000017,-5.669999999999995,4.41,1.27,Stationary
2.4960000000000018,-5.669999999999995,4.41,1.27,Stationary
2.528000000000002,-5.669999999999995,4.41,1.27,Stationary
2.560000000000002,-5.669999999999995,4.41,1.27,Stationary
2.592000000000002,-5.669999999999995,4.41,1.27,Stationary
2.624000000000002,-5.669999999999995,4.41,1.27,Stationary
2.656000000000002,-5.669999999999995,4.41,1.27,Stationary
2.688000000000002,-5.669999999999995,4.41,1.27,Stationary
2.720000000000002,-5.669999999999995,4.41,1.27,Stationary
2.752000000000002,-5.669999999999995,4.41,1.27,Stationary
2.784000000000002,-5.669999999999995,4.41,1.27,Stationary
2.816000000000002,-5.669999999999995,4.41,1.27,Stationary
2.848000000000002,-5.669999999999995,4.41,1.27,Stationary
2.880000000000002,-5.669999999999995,4.41,1.27,Stationary
2.912000000000002,-5.669999999999995,4.41,1.27,Stationary
2.944000000000002,-5.669999999999995,4.41,1.27,Stationary
2.976000000000002,-5.669999999999995,4.41,1.27,Stationary
3.0080000000000022,-5.669999999999995,4.41,1.27,Stationary
3.0400000000000023,-5.669999999999995,4.41,1.27,Stationary
3.0720000000000023,-5.669999999999995,4.41,1.27,Stationary
3.1040000000000023,-5.669999999999995,4.41,1.27,Stationary
3.1360000000000023,-5.669999999999995,4.41,1.27,Stationary
3.1680000000000024,-5.669999999999995,4.41,1.27,Stationary
3.2000000000000024,-5.669999999999995,4.41,1.27,Stationary
3.2320000000000024,-5.669999999999995,4.41,1.27,Stationary
3.2640000000000025,-5.669999999999995,4.41,1.27,Stationary
3.2960000000000025,-5.669999999999995,4.41,1.27,Stationary
3.3280000000000025,-5.669999999999995,4.41,1.27,Stationary
3.3600000000000025,-5.669999999999995,4.41,1.27,Stationary
3.3920000000000026,-5.669999999999995,4.41,1.27,Stationary
3.4240000000000026,-5.669999999999995,4.41,1.27,Stationary
3.4560000000000026,-5.669999999999995,4.41,1.27,Stationary
3.4880000000000027,-5.669999999999995,4.41,1.27,Stationary
3.5200000000000027,-5.669999999999995,4.41,1.27,Stationary
3.5520000000000027,-5.669999999999995,4.41,1.27,Stationary
3.5840000000000027,-5.669999999999995,4.41,1.27,Stationary
3.6160000000000028,-5.669999999999995,4.41,1.27,Stationary
3.648000000000003,-5.669999999999995,4.41,1.27,Stationary
3.680000000000003,-5.669999999999995,4.41,1.27,Stationary
3.712000000000003,-5.669999999999995,4.41,1.27,Stationary
3.744000000000003,-5.669999999999995,4.41,1.27,Stationary
3.776000000000003,-5.669999999999995,4.41,1.27,Stationary
3.808000000000003,-5.669999999999995,4.41,1.27,Stationary
3.840000000000003,-5.669999999999995,4.41,1.27,Stationary
3.872000000000003,-5.669999999999995,4.41,1.27,Stationary
3.904000000000003,-5.669999999999995,4.41,1.27,Stationary
3.936000000000003,-5.669999999999995,4.41,1.27,Stationary
3.968000000000003,-5.669999999999995,4.41,1.27,Stationary
4.000000000000003,-5.669999999999995,4.41,1.27,Stationary
4.032000000000003,-5.669999999999995,4.41,1.27,Stationary
4.064000000000003,-5.669999999999995,4.41,1.27,Stationary
4.096000000000003,-5.669999999999995,4.41,1.27,Stationary
4.128000000000003,-5.669999999999995,4.41,1.27,Stationary
4.160000000000003,-5.669999999999995,4.41,1.27,Stationary
4.192000000000003,-5.669999999999995,4.41,1.27,Stationary
4.224000000000003,-5.669999999999995,4.41,1.27,Stationary
4.256000000000003,-5.669999999999995,4.41,1.27,Stationary
4.288000000000003,-5.669999999999995,4.41,1.27,Stationary
4.320000000000003,-5.669999999999995,4.41,1.27,Stationary
4.352000000000003,-5.669999999999995,4.41,1.27,Stationary
4.384000000000003,-5.669999999999995,4.41,1.27,Stationary
4.416000000000003,-5.669999999999995,4.41,1.27,Stationary
4.448000000000003,-5.669999999999995,4.41,1.27,Stationary
4.480000000000003,-5.669999999999995,4.41,1.27,Stationary
4.512000000000003,-5.669999999999995,4.41,1.27,Stationary
4.544000000000003,-5.669999999999995,4.41,1.27,Stationary
4.576000000000003,-5.669999999999995,4.41,1.27,Stationary
4.608000000000003,-5.669999999999995,4.41,1.27,Stationary
4.640000000000003,-5.669999999999995,4.41,1.27,Stationary
4.672000000000003,-5.669999999999995,4.41,1.27,Stationary
4.704000000000003,-5.669999999999995,4.41,1.27,Stationary
4.736000000000003,-5.669999999999995,4.41,1.27,Stationary
4.768000000000003,-5.669999999999995,4.41,1.27,Stationary
4.800000000000003,-5.669999999999995,4.41,1.27,Stationary
4.832000000000003,-5.669999999999995,4.41,1.27,Stationary
4.864000000000003,-5.669999999999995,4.41,1.27,Stationary
4.8960000000000035,-5.669999999999995,4.41,1.27,Stationary
4.9280000000000035,-5.669999999999995,4.41,1.27,Stationary
4.9600000000000035,-5.669999999999995,4.41,1.27,Stationary
4.9920000000000035,-5.669999999999995,4.41,1.27,Stationary
5.024000000000004,-5.669999999999995,4.41,1.27,Stationary
5.056000000000004,-5.669999999999995,4.41,1.27,Stationary
5.088000000000004,-5.669999999999995,4.41,1.27,Stationary
5.120000000000004,-5.669999999999995,4.41,1.27,Stationary
5.152000000000004,-5.669999999999995,4.41,1.27,Stationary
5.184000000000004,-5.669999999999995,4.41,1.27,Stationary
5.216000000000004,-5.669999999999995,4.41,1.27,Stationary
5.248000000000004,-5.669999999999995,4.41,1.27,Stationary
5.280000000000004,-5.669999999999995,4.41,1.27,Stationary
5.312000000000004,-5.669999999999995,4.41,1.27,Stationary
5.344000000000004,-5.669999999999995,4.41,1.27,Stationary
5.376000000000004,-5.669999999999995,4.41,1.27,Stationary
5.408000000000004,-5.669999999999995,4.41,1.27,Stationary
5.440000000000004,-5.669999999999995,4.41,1.27,Stationary
5.472000000000004,-5.669999999999995,4.41,1.27,Stationary
5.504000000000004,-5.669999999999995,4.41,1.27,Stationary
5.536000000000004,-5.669999999999995,4.41,1.27,Stationary
5.568000000000004,-5.669999999999995,4.41,1.27,Stationary
5.600000000000004,-5.669999999999995,4.41,1.27,Stationary
5.632000000000004,-5.669999999999995,4.41,1.27,Stationary
5.664000000000004,-5.669999999999995,4.41,1.27,Stationary
5.696000000000004,-5.669999999999995,4.41,1.27,Stationary
5.728000000000004,-5.669999999999995,4.41,1.27,Stationary
5.760000000000004,-5.669999999999995,4.41,1.27,Stationary
5.792000000000004,-5.669999999999995,4.41,1.27,Stationary
5.824000000000004,-5.669999999999995,4.41,1.27,Stationary
5.856000000000004,-5.669999999999995,4.41,1.27,Stationary
5.888000000000004,-5.669999999999995,4.41,1.27,Stationary
5.920000000000004,-5.669999999999995,4.41,1.27,Stationary
5.952000000000004,-5.669999999999995,4.41,1.27,Stationary
5.984000000000004,-5.669999999999995,4.41,1.27,Stationary
6.0160000000000045,-5.669999999999995,4.41,1.27,Stationary
6.0480000000000045,-5.669999999999995,4.41,1.27,Stationary
6.0800000000000045,-5.669999999999995,4.41,1.27,Stationary
6.1120000000000045,-5.669999999999995,4.41,1.27,Stationary
6.144000000000005,-5.669999999999995,4.41,1.27,Stationary
6.176000000000005,-5.669999999999995,4.41,1.27,Stationary
6.208000000000005,-5.669999999999995,4.41,1.27,Stationary
6.240000000000005,-5.669999999999995,4.41,1.27,Stationary
6.272000000000005,-5.669999999999995,4.41,1.27,Stationary
6.304000000000005,-5.669999999999995,4.41,1.27,Stationary
6.336000000000005,-5.669999999999995,4.41,1.27,Stationary
6.368000000000005,-5.669999999999995,4.41,1.27,Stationary
6.400000000000005,-5.669999999999995,4.41,1.27,Stationary
6.432000000000005,-5.669999999999995,4.41,1.27,Stationary
6.464000000000005,-5.669999999999995,4.41,1.27,Stationary
6.496000000000005,-5.669999999999995,4.41,1.27,Stationary
6.528000000000005,-5.669999999999995,4.41,1.27,Stationary
6.560000000000005,-5.669999999999995,4.41,1.27,Stationary
6.592000000000005,-5.669999999999995,4.41,1.27,Stationary
6.624000000000005,-5.669999999999995,4.41,1.27,Stationary
6.656000000000005,-5.669999999999995,4.41,1.27,Stationary
6.688000000000005,-5.669999999999995,4.41,1.27,Stationary
6.720000000000005,-5.669999999999995,4.41,1.27,Stationary
6.752000000000005,-5.669999999999995,4.41,1.27,Stationary
6.784000000000005,-5.669999999999995,4.41,1.27,Stationary
6.816000000000005,-5.669999999999995,4.41,1.27,Stationary
6.848000000000005,-5.669999999999995,4.41,1.27,Stationary
6.880000000000005,-5.669999999999995,4.41,1.27,Stationary
6.912000000000005,-5.669999999999995,4.41,1.27,Stationary
6.944000000000005,-5.669999999999995,4.41,1.27,Stationary
6.976000000000005,-5.669999999999995,4.41,1.27,Stationary
7.008000000000005,-5.669999999999995,4.41,1.27,Stationary
7.040000000000005,-5.669999999999995,4.41,1.27,Stationary
7.072000000000005,-5.669999999999995,4.41,1.27,Stationary
7.104000000000005,-5.669999999999995,4.41,1.27,Stationary
7.1360000000000054,-5.669999999999995,4.41,1.27,Stationary
7.1680000000000055,-5.669999999999995,4.41,1.27,Stationary
7.2000000000000055,-5.669999999999995,4.41,1.27,Stationary
7.2320000000000055,-5.669999999999995,4.41,1.27,Stationary
7.264000000000006,-5.669999999999995,4.41,1.27,Stationary
7.296000000000006,-5.669999999999995,4.41,1.27,Stationary
7.328000000000006,-5.669999999999995,4.41,1.27,Stationary
7.360000000000006,-5.669999999999995,4.41,1.27,Stationary
7.392000000000006,-5.669999999999995,4.41,1.27,Stationary
7.424000000000006,-5.669999999999995,4.41,1.27,Stationary
7.456000000000006,-5.669999999999995,4.41,1.27,Stationary
7.488000000000006,-5.669999999999995,4.41,1.27,Stationary
7.520000000000006,-5.669999999999995,4.41,1.27,Stationary
7.552000000000006,-5.669999999999995,4.41,1.27,Stationary
7.584000000000006,-5.669999999999995,4.41,1.27,Stationary
7.616000000000006,-5.669999999999995,4.41,1.27,Stationary
7.648000000000006,-5.669999999999995,4.41,1.27,Stationary
7.680000000000006,-5.669999999999995,4.41,1.27,Stationary
7.712000000000006,-5.669999999999995,4.41,1.27,Stationary
7.744000000000006,-5.669999999999995,4.41,1.27,Stationary
7.776000000000006,-5.669999999999995,4.41,1.27,Stationary
7.808000000000006,-5.669999999999995,4.41,1.27,Stationary
7.840000000000006,-5.669999999999995,4.41,1.27,Stationary
7.872000000000006,-5.669999999999995,4.41,1.27,Stationary
7.904000000000006,-5.669999999999995,4.41,1.27,Stationary
7.936000000000006,-5.669999999999995,4.41,1.27,Stationary
7.968000000000006,-5.669999999999995,4.41,1.27,Stationary
8.000000000000005,-5.669999999999995,4.41,1.27,Stationary
8.032000000000005,-5.669999999999995,4.41,1.27,Stationary
8.064000000000005,-5.669999999999995,4.41,1.27,Stationary
8.096000000000005,-5.669999999999995,4.41,1.27,Stationary
8.128000000000005,-5.669999999999995,4.41,1.27,Stationary
8.160000000000005,-5.669999999999995,4.41,1.27,Stationary
8.192000000000005,-5.669999999999995,4.41,1.27,Stationary
8.224000000000006,-5.669999999999995,4.41,1.27,Stationary
8.256000000000006,-5.669999999999995,4.41,1.27,Stationary
8.288000000000006,-5.669999999999995,4.41,1.27,Stationary
8.320000000000006,-5.669999999999995,4.41,1.27,Stationary
8.352000000000006,-5.669999999999995,4.41,1.27,Stationary
8.384000000000006,-5.669999999999995,4.41,1.27,Stationary
8.416000000000006,-5.669999999999995,4.41,1.27,Stationary
8.448000000000006,-5.669999999999995,4.41,1.27,Stationary
8.480000000000006,-5.669999999999995,4.41,1.27,Stationary
8.512000000000006,-5.669999999999995,4.41,1.27,Stationary
8.544000000000006,-5.669999999999995,4.41,1.27,Stationary
8.576000000000006,-5.669999999999995,4.41,1.27,Stationary
8.608000000000006,-5.669999999999995,4.41,1.27,Stationary
8.640000000000006,-5.669999999999995,4.41,1.27,Stationary
8.672000000000006,-5.669999999999995,4.41,1.27,Stationary
8.704000000000006,-5.669999999999995,4.41,1.27,Stationary
8.736000000000006,-5.669999999999995,4.41,1.27,Stationary
8.768000000000006,-5.669999999999995,4.41,1.27,Stationary
8.800000000000006,-5.669999999999995,4.41,1.27,Stationary
8.832000000000006,-5.669999999999995,4.41,1.27,Stationary
8.864000000000006,-5.669999999999995,4.41,1.27,Stationary
8.896000000000006,-5.669999999999995,4.41,1.27,Stationary
8.928000000000006,-5.669999999999995,4.41,1.27,Stationary
8.960000000000006,-5.669999999999995,4.41,1.27,Stationary
8.992000000000006,-5.669999999999995,4.41,1.27,Stationary
9.024000000000006,-5.669999999999995,4.41,1.27,Stationary
9.056000000000006,-5.669999999999995,4.41,1.27,Stationary
9.088000000000006,-5.669999999999995,4.41,1.27,Stationary
9.120000000000006,-5.669999999999995,4.41,1.27,Stationary
9.152000000000006,-5.669999999999995,4.41,1.27,Stationary
9.184000000000006,-5.669999999999995,4.41,1.27,Stationary
9.216000000000006,-5.669999999999995,4.41,1.27,Stationary
9.248000000000006,-5.669999999999995,4.41,1.27,Stationary
9.280000000000006,-5.669999999999995,4.41,1.27,Stationary
9.312000000000006,-5.669999999999995,4.41,1.27,Stationary
9.344000000000007,-5.669999999999995,4.41,1.27,Stationary
9.376000000000007,-5.669999999999995,4.41,1.27,Stationary
9.408000000000007,-5.669999999999995,4.41,1.27,Stationary
9.440000000000007,-5.669999999999995,4.41,1.27,Stationary
9.472000000000007,-5.669999999999995,4.41,1.27,Stationary
9.504000000000007,-5.669999999999995,4.41,1.27,Stationary
9.536000000000007,-5.669999999999995,4.41,1.27,Stationary
9.568000000000007,-5.669999999999995,4.41,1.27,Stationary
9.600000000000007,-5.669999999999995,4.41,1.27,Stationary
9.632000000000007,-5.669999999999995,4.41,1.27,Stationary
9.664000000000007,-5.669999999999995,4.41,1.27,Stationary
9.696000000000007,-5.669999999999995,4.41,1.27,Stationary
9.728000000000007,-5.669999999999995,4.41,1.27,Stationary
9.760000000000007,-5.669999999999995,4.41,1.27,Stationary
9.792000000000007,-5.669999999999995,4.41,1.27,Stationary
9.824000000000007,-5.669999999999995,4.41,1.27,Stationary
9.856000000000007,-5.669999999999995,4.41,1.27,Stationary
9.888000000000007,-5.669999999999995,4.41,1.27,Stationary
9.920000000000007,-5.669999999999995,4.41,1.27,Stationary
9.952000000000007,-5.669999999999995,4.41,1.27,Stationary
9.984000000000007,-5.669999999999995,4.41,1.27,Stationary
10.016000000000007,-5.669999999999995,4.41,1.27,Stationary
10.048000000000007,-5.669999999999995,4.41,1.27,Stationary
10.080000000000007,-5.669999999999995,4.41,1.27,Stationary
10.112000000000007,-5.669999999999995,4.41,1.27,Stationary
10.144000000000007,-5.669999999999995,4.41,1.27,Stationary
10.176000000000007,-5.669999999999995,4.41,1.27,Stationary
10.208000000000007,-5.669999999999995,4.41,1.27,Stationary
10.240000000000007,-5.669999999999995,4.41,1.27,Stationary
10.272000000000007,-5.669999999999995,4.41,1.27,Stationary
10.304000000000007,-5.669999999999995,4.41,1.27,Stationary
10.336000000000007,-5.669999999999995,4.41,1.27,Stationary
10.368000000000007,-5.669999999999995,4.41,1.27,Stationary
10.400000000000007,-5.669999999999995,4.41,1.27,Stationary
10.432000000000007,-5.669999999999995,4.41,1.27,Stationary
10.464000000000008,-5.669999999999995,4.41,1.27,Stationary
10.496000000000008,-5.669999999999995,4.41,1.27,Stationary
10.528000000000008,-5.669999999999995,4.41,1.27,Stationary
10.560000000000008,-5.669999999999995,4.41,1.27,Stationary
10.592000000000008,-5.669999999999995,4.41,1.27,Stationary
10.624000000000008,-5.669999999999995,4.41,1.27,Stationary
10.656000000000008,-5.669999999999995,4.41,1.27,Stationary
10.688000000000008,-5.669999999999995,4.41,1.27,Stationary
10.720000000000008,-5.669999999999995,4.41,1.27,Stationary
10.752000000000008,-5.669999999999995,4.41,1.27,Stationary
10.784000000000008,-5.669999999999995,4.41,1.27,Stationary
10.816000000000008,-5.669999999999995,4.41,1.27,Stationary
10.848000000000008,-5.669999999999995,4.41,1.27,Stationary
10.880000000000008,-5.669999999999995,4.41,1.27,Stationary
10.912000000000008,-5.669999999999995,4.41,1.27,Stationary
10.944000000000008,-5.669999999999995,4.41,1.27,Stationary
10.976000000000008,-5.669999999999995,4.41,1.27,Stationary
11.008000000000008,-5.669999999999995,4.41,1.27,Stationary
11.040000000000008,-5.669999999999995,4.41,1.27,Stationary
11.072000000000008,-5.669999999999995,4.41,1.27,Stationary
11.104000000000008,-5.669999999999995,4.41,1.27,Stationary
11.136000000000008,-5.669999999999995,4.41,1.27,Stationary
11.168000000000008,-5.669999999999995,4.41,1.27,Stationary
11.200000000000008,-5.669999999999995,4.41,1.27,Stationary
11.232000000000008,-5.669999999999995,4.41,1.27,Stationary
11.264000000000008,-5.669999999999995,4.41,1.27,Stationary
11.296000000000008,-5.669999999999995,4.41,1.27,Stationary
11.328000000000008,-5.669999999999995,4.41,1.27,Stationary
11.360000000000008,-5.669999999999995,4.41,1.27,Stationary
11.392000000000008,-5.669999999999995,4.41,1.27,Stationary
11.424000000000008,-5.669999999999995,4.41,1.27,Stationary
11.456000000000008,-5.669999999999995,4.41,1.27,Stationary
11.488000000000008,-5.669999999999995,4.41,1.27,Stationary
11.520000000000008,-5.669999999999995,4.41,1.27,Stationary
11.552000000000008,-5.669999999999995,4.41,1.27,Stationary
11.584000000000009,-5.669999999999995,4.41,1.27,Stationary
11.616000000000009,-5.669999999999995,4.41,1.27,Stationary
11.648000000000009,-5.669999999999995,4.41,1.27,Stationary
11.680000000000009,-5.669999999999995,4.41,1.27,Stationary
11.712000000000009,-5.669999999999995,4.41,1.27,Stationary
11.744000000000009,-5.669999999999995,4.41,1.27,Stationary
11.776000000000009,-5.669999999999995,4.41,1.27,Stationary
11.808000000000009,-5.669999999999995,4.41,1.27,Stationary
11.840000000000009,-5.669999999999995,4.41,1.27,Stationary
11.872000000000009,-5.669999999999995,4.41,1.27,Stationary
11.904000000000009,-5.669999999999995,4.41,1.27,Stationary
11.936000000000009,-5.669999999999995,4.41,1.27,Stationary
11.968000000000009,-5.669999999999995,4.41,1.27,Stationary
12.000000000000009,-5.669999999999995,4.41,1.27,Stationary
12.032000000000009,-5.669999999999995,4.41,1.27,Stationary
12.064000000000009,-5.669999999999995,4.41,1.27,Stationary
12.096000000000009,-5.669999999999995,4.41,1.27,Stationary
12.128000000000009,-5.669999999999995,4.41,1.27,Stationary
12.160000000000009,-5.669999999999995,4.41,1.27,Stationary
12.192000000000009,-5.669999999999995,4.41,1.27,Stationary
12.224000000000009,-5.669999999999995,4.41,1.27,Stationary
12.256000000000009,-5.669999999999995,4.41,1.27,Stationary
12.28800000000001,-5.669999999999995,4.41,1.27,Stationary
12.32000000000001,-5.669999999999995,4.41,1.27,Stationary
12.35200000000001,-5.669999999999995,4.41,1.27,Stationary
12.38400000000001,-5.669999999999995,4.41,1.27,Stationary
12.41600000000001,-5.669999999999995,4.41,1.27,Stationary
12.44800000000001,-5.669999999999995,4.41,1.27,Stationary
12.48000000000001,-5.669999999999995,4.41,1.27,Stationary
12.51200000000001,-5.669999999999995,4.41,1.27,Stationary
12.54400000000001,-5.669999999999995,4.41,1.27,Stationary
12.57600000000001,-5.669999999999995,4.41,1.27,Stationary
12.60800000000001,-5.669999999999995,4.41,1.27,Stationary
12.64000000000001,-5.669999999999995,4.41,1.27,Stationary
12.67200000000001,-5.669999999999995,4.41,1.27,Stationary
12.70400000000001,-5.669999999999995,4.41,1.27,Stationary
12.73600000000001,-5.669999999999995,4.41,1.27,Stationary
12.76800000000001,-5.669999999999995,4.41,1.27,Stationary
12.80000000000001,-5.669999999999995,4.41,1.27,Stationary
12.83200000000001,-5.669999999999995,4.41,1.27,Stationary
12.86400000000001,-5.669999999999995,4.41,1.27,Stationary
12.89600000000001,-5.669999999999995,4.41,1.27,Stationary
12.92800000000001,-5.669999999999995,4.41,1.27,Stationary
12.96000000000001,-5.669999999999995,4.41,1.27,Stationary
12.99200000000001,-5.669999999999995,4.41,1.27,Stationary
13.02400000000001,-5.669999999999995,4.41,1.27,Stationary
13.05600000000001,-5.669999999999995,4.41,1.27,Stationary
13.08800000000001,-5.669999999999995,4.41,1.27,Stationary
13.12000000000001,-5.669999999999995,4.41,1.27,Stationary
13.15200000000001,-5.669999999999995,4.41,1.27,Stationary
13.18400000000001,-5.669999999999995,4.41,1.27,Stationary
13.21600000000001,-5.669999999999995,4.41,1.27,Stationary
13.24800000000001,-5.669999999999995,4.41,1.27,Stationary
13.28000000000001,-5.669999999999995,4.41,1.27,Stationary
13.31200000000001,-5.669999999999995,4.41,1.27,Stationary
13.34400000000001,-5.669999999999995,4.41,1.27,Stationary
13.37600000000001,-5.669999999999995,4.41,1.27,Stationary
13.40800000000001,-5.669999999999995,4.41,1.27,Stationary
13.44000000000001,-5.669999999999995,4.41,1.27,Stationary
13.47200000000001,-5.669999999999995,4.41,1.27,Stationary
13.50400000000001,-5.669999999999995,4.41,1.27,Stationary
13.53600000000001,-5.669999999999995,4.41,1.27,Stationary
13.56800000000001,-5.669999999999995,4.41,1.27,Stationary
13.60000000000001,-5.669999999999995,4.41,1.27,Stationary
13.63200000000001,-5.669999999999995,4.41,1.27,Stationary
13.66400000000001,-5.669999999999995,4.41,1.27,Stationary
13.69600000000001,-5.669999999999995,4.41,1.27,Stationary
13.72800000000001,-5.669999999999995,4.41,1.27,Stationary
13.76000000000001,-5.669999999999995,4.41,1.27,Stationary
13.79200000000001,-5.669999999999995,4.41,1.27,Stationary
13.82400000000001,-5.669999999999995,4.41,1.27,Stationary
13.85600000000001,-5.669999999999995,4.41,1.27,Stationary
13.88800000000001,-5.669999999999995,4.41,1.27,Stationary
13.92000000000001,-5.669999999999995,4.41,1.27,Stationary
13.95200000000001,-5.669999999999995,4.41,1.27,Stationary
13.98400000000001,-5.669999999999995,4.41,1.27,Stationary
14.01600000000001,-5.669999999999995,4.41,1.27,Stationary
14.04800000000001,-5.669999999999995,4.41,1.27,Stationary
14.08000000000001,-5.669999999999995,4.41,1.27,Stationary
14.11200000000001,-5.669999999999995,4.41,1.27,Stationary
14.14400000000001,-5.669999999999995,4.41,1.27,Stationary
14.17600000000001,-5.669999999999995,4.41,1.27,Stationary
14.20800000000001,-5.669999999999995,4.41,1.27,Stationary
14.24000000000001,-5.669999999999995,4.41,1.27,Stationary
14.272000000000011,-5.669999999999995,4.41,1.27,Stationary
14.304000000000011,-5.669999999999995,4.41,1.27,Stationary
14.336000000000011,-5.669999999999995,4.41,1.27,Stationary
14.368000000000011,-5.669999999999995,4.41,1.27,Stationary
14.400000000000011,-5.669999999999995,4.41,1.27,Stationary
14.432000000000011,-5.669999999999995,4.41,1.27,Stationary
14.464000000000011,-5.669999999999995,4.41,1.27,Stationary
14.496000000000011,-5.669999999999995,4.41,1.27,Stationary
14.528000000000011,-5.669999999999995,4.41,1.27,Stationary
14.560000000000011,-5.669999999999995,4.41,1.27,Stationary
14.592000000000011,-5.669999999999995,4.41,1.27,Stationary
14.624000000000011,-5.669999999999995,4.41,1.27,Stationary
14.656000000000011,-5.669999999999995,4.41,1.27,Stationary
14.688000000000011,-5.669999999999995,4.41,1.27,Stationary
14.720000000000011,-5.669999999999995,4.41,1.27,Stationary
14.752000000000011,-5.669999999999995,4.41,1.27,Stationary
14.784000000000011,-5.669999999999995,4.41,1.27,Stationary
14.816000000000011,-5.669999999999995,4.41,1.27,Stationary
14.848000000000011,-5.669999999999995,4.41,1.27,Stationary
14.880000000000011,-5.669999999999995,4.41,1.27,Stationary
14.912000000000011,-5.669999999999995,4.41,1.27,Stationary
14.944000000000011,-5.669999999999995,4.41,1.27,Stationary
14.976000000000012,-5.669999999999995,4.41,1.27,Stationary
15.008000000000012,-5.669999999999995,4.41,1.27,Stationary
15.040000000000012,-5.669999999999995,4.41,1.27,Stationary
15.072000000000012,-5.669999999999995,4.41,1.27,Stationary
15.104000000000012,-5.669999999999995,4.41,1.27,Stationary
15.136000000000012,-5.669999999999995,4.41,1.27,Stationary
15.168000000000012,-5.669999999999995,4.41,1.27,Stationary
15.200000000000012,-5.669999999999995,4.41,1.27,Stationary
15.232000000000012,-5.669999999999995,4.41,1.27,Stationary
15.264000000000012,-5.669999999999995,4.41,1.27,Stationary
15.296000000000012,-5.669999999999995,4.41,1.27,Stationary
15.328000000000012,-5.669999999999995,4.41,1.27,Stationary
15.360000000000012,-5.669999999999995,4.41,1.27,Stationary
15.392000000000012,-5.669999999999995,4.41,1.27,Stationary
15.424000000000012,-5.669999999999995,4.41,1.27,Stationary
15.456000000000012,-5.669999999999995,4.41,1.27,Stationary
15.488000000000012,-5.669999999999995,4.41,1.27,Stationary
15.520000000000012,-5.669999999999995,4.41,1.27,Stationary
15.552000000000012,-5.669999999999995,4.41,1.27,Stationary
15.584000000000012,-5.669999999999995,4.41,1.27,Stationary
15.616000000000012,-5.669999999999995,4.41,1.27,Stationary
15.648000000000012,-5.669999999999995,4.41,1.27,Stationary
15.680000000000012,-5.669999999999995,4.41,1.27,Stationary
15.712000000000012,-5.669999999999995,4.41,1.27,Stationary
15.744000000000012,-5.669999999999995,4.41,1.27,Stationary
15.776000000000012,-5.669999999999995,4.41,1.27,Stationary
15.808000000000012,-5.669999999999995,4.41,1.27,Stationary
15.840000000000012,-5.669999999999995,4.41,1.27,Stationary
15.872000000000012,-5.669999999999995,4.41,1.27,Stationary
15.904000000000012,-5.669999999999995,4.41,1.27,Stationary
15.936000000000012,-5.669999999999995,4.41,1.27,Stationary
15.968000000000012,-5.579999999999995,4.41,1.27,Right
16.00000000000001,-5.489999999999995,4.41,1.27,Right
16.03200000000001,-5.399999999999995,4.41,1.27,Right
16.06400000000001,-5.309999999999995,4.41,1.27,Right
16.09600000000001,-5.219999999999995,4.41,1.27,Right
16.12800000000001,-5.1299999999999955,4.41,1.27,Right
16.16000000000001,-5.039999999999996,4.41,1.27,Right
16.19200000000001,-4.949999999999996,4.41,1.27,Right
16.22400000000001,-4.859999999999996,4.41,1.27,Right
16.25600000000001,-4.769999999999996,4.41,1.27,Right
16.28800000000001,-4.679999999999996,4.41,1.27,Right
16.32000000000001,-4.589999999999996,4.41,1.27,Right
16.35200000000001,-4.4999999999999964,4.41,1.27,Right
16.38400000000001,-4.409999999999997,4.41,1.27,Right
16.41600000000001,-4.319999999999997,4.41,1.27,Right
16.44800000000001,-4.229999999999997,4.41,1.27,Right
16.48000000000001,-4.139999999999997,4.41,1.27,Right
16.51200000000001,-4.049999999999997,4.41,1.27,Right
16.54400000000001,-3.9599999999999973,4.41,1.27,Right
16.57600000000001,-3.8699999999999974,4.41,1.27,Right
16.60800000000001,-3.7799999999999976,4.41,1.27,Right
16.64000000000001,-3.6899999999999977,4.41,1.27,Right
16.67200000000001,-3.599999999999998,4.41,1.27,Right
16.70400000000001,-3.509999999999998,4.41,1.27,Right
16.73600000000001,-3.419999999999998,4.41,1.27,Right
16.76800000000001,-3.3299999999999983,4.41,1.27,Right
16.80000000000001,-3.2399999999999984,4.41,1.27,Right
16.83200000000001,-3.1499999999999986,4.41,1.27,Right
16.86400000000001,-3.1499999999999986,4.5,1.27,Up
16.89600000000001,-3.1499999999999986,4.59,1.27,Up
16.92800000000001,-3.1499999999999986,4.68,1.27,Up
16.96000000000001,-3.1499999999999986,4.77,1.27,Up
16.99200000000001,-3.1499999999999986,4.859999999999999,1.27,Up
17.02400000000001,-3.1499999999999986,4.949999999999999,1.27,Up
17.05600000000001,-3.1499999999999986,5.039999999999999,1.27,Up
17.08800000000001,-3.1499999999999986,5.129999999999999,1.27,Up
17.12000000000001,-3.1499999999999986,5.219999999999999,1.27,Up
17.15200000000001,-3.1499999999999986,5.309999999999999,1.27,Up
17.18400000000001,-3.1499999999999986,5.399999999999999,1.27,Up
17.21600000000001,-3.1499999999999986,5.489999999999998,1.27,Up
17.24800000000001,-3.1499999999999986,5.579999999999998,1.27,Up
17.280000000000012,-3.1499999999999986,5.669999999999998,1.27,Up
17.312000000000012,-3.1499999999999986,5.759999999999998,1.27,Up
17.344000000000012,-3.1499999999999986,5.849999999999998,1.27,Up
17.376000000000012,-3.1499999999999986,5.939999999999998,1.27,Up
17.408000000000012,-3.1499999999999986,6.029999999999998,1.27,Up
17.440000000000012,-3.1499999999999986,6.119999999999997,1.27,Up
17.472000000000012,-3.1499999999999986,6.209999999999997,1.27,Up
17.504000000000012,-3.1499999999999986,6.299999999999997,1.27,Up
17.536000000000012,-3.1499999999999986,6.389999999999997,1.27,Up
17.568000000000012,-3.1499999999999986,6.479999999999997,1.27,Up
17.600000000000012,-3.1499999999999986,6.569999999999997,1.27,Up
17.632000000000012,-3.1499999999999986,6.659999999999997,1.27,Up
17.664000000000012,-3.0599999999999987,6.659999999999997,1.27,Right
17.696000000000012,-2.969999999999999,6.659999999999997,1.27,Right
17.728000000000012,-2.879999999999999,6.659999999999997,1.27,Right
17.760000000000012,-2.879999999999999,6.569999999999997,1.27,Down
17.792000000000012,-2.879999999999999,6.479999999999997,1.27,Down
17.824000000000012,-2.879999999999999,6.389999999999997,1.27,Down
17.856000000000012,-2.879999999999999,6.299999999999997,1.27,Down
17.888000000000012,-2.879999999999999,6.209999999999997,1.27,Down
17.920000000000012,-2.879999999999999,6.119999999999997,1.27,Down
17.952000000000012,-2.879999999999999,6.029999999999998,1.27,Down
17.984000000000012,-2.879999999999999,5.939999999999998,1.27,Down
18.016000000000012,-2.879999999999999,5.849999999999998,1.27,Down
18.048000000000012,-2.879999999999999,5.759999999999998,1.27,Down
18.080000000000013,-2.879999999999999,5.669999999999998,1.27,Down
18.112000000000013,-2.879999999999999,5.579999999999998,1.27,Down
18.144000000000013,-2.879999999999999,5.489999999999998,1.27,Down
18.176000000000013,-2.879999999999999,5.399999999999999,1.27,Down
18.208000000000013,-2.879999999999999,5.309999999999999,1.27,Down
18.240000000000013,-2.879999999999999,5.219999999999999,1.27,Down
18.272000000000013,-2.879999999999999,5.129999999999999,1.27,Down
18.304000000000013,-2.879999999999999,5.039999999999999,1.27,Down
18.336000000000013,-2.879999999999999,4.949999999999999,1.27,Down
18.368000000000013,-2.879999999999999,4.859999999999999,1.27,Down
18.400000000000013,-2.969999999999999,4.859999999999999,1.27,Left
18.432000000000013,-3.0599999999999987,4.859999999999999,1.27,Left
18.464000000000013,-3.1499999999999986,4.859999999999999,1.27,Left
18.496000000000013,-3.2399999999999984,4.859999999999999,1.27,Left
18.528000000000013,-3.3299999999999983,4.859999999999999,1.27,Left
18.560000000000013,-3.419999999999998,4.859999999999999,1.27,Left
18.592000000000013,-3.509999999999998,4.859999999999999,1.27,Left
18.624000000000013,-3.599999999999998,4.859999999999999,1.27,Left
18.656000000000013,-3.6899999999999977,4.859999999999999,1.27,Left
18.688000000000013,-3.7799999999999976,4.859999999999999,1.27,Left
18.720000000000013,-3.8699999999999974,4.859999999999999,1.27,Left
18.752000000000013,-3.9599999999999973,4.859999999999999,1.27,Left
18.784000000000013,-4.049999999999997,4.859999999999999,1.27,Left
18.816000000000013,-4.139999999999997,4.859999999999999,1.27,Left
18.848000000000013,-4.229999999999997,4.859999999999999,1.27,Left
18.880000000000013,-4.319999999999997,4.859999999999999,1.27,Left
18.912000000000013,-4.409999999999997,4.859999999999999,1.27,Left
18.944000000000013,-4.4999999999999964,4.859999999999999,1.27,Left
18.976000000000013,-4.589999999999996,4.859999999999999,1.27,Left
19.008000000000013,-4.679999999999996,4.859999999999999,1.27,Left
19.040000000000013,-4.769999999999996,4.859999999999999,1.27,Left
19.072000000000013,-4.859999999999996,4.859999999999999,1.27,Left
19.104000000000013,-4.949999999999996,4.859999999999999,1.27,Left
19.136000000000013,-5.039999999999996,4.859999999999999,1.27,Left
19.168000000000013,-5.1299999999999955,4.859999999999999,1.27,Left
19.200000000000014,-5.219999999999995,4.859999999999999,1.27,Left
19.232000000000014,-5.309999999999995,4.859999999999999,1.27,Left
19.264000000000014,-5.399999999999995,4.859999999999999,1.27,Left
19.296000000000014,-5.489999999999995,4.859999999999999,1.27,Left
19.328000000000014,-5.579999999999995,4.859999999999999,1.27,Left
19.360000000000014,-5.669999999999995,4.859999999999999,1.27,Left
19.392000000000014,-5.669999999999995,4.949999999999999,1.27,Up
19.424000000000014,-5.669999999999995,5.039999999999999,1.27,Up
19.456000000000014,-5.669999999999995,5.129999999999999,1.27,Up
19.488000000000014,-5.669999999999995,5.219999999999999,1.27,Up
19.520000000000014,-5.669999999999995,5.309999999999999,1.27,Up
19.552000000000014,-5.669999999999995,5.399999999999999,1.27,Up
19.584000000000014,-5.669999999999995,5.489999999999998,1.27,Up
19.616000000000014,-5.669999999999995,5.579999999999998,1.27,Up
19.648000000000014,-5.669999999999995,5.669999999999998,1.27,Up
19.680000000000014,-5.669999999999995,5.759999999999998,1.27,Up
19.712000000000014,-5.669999999999995,5.849999999999998,1.27,Up
19.744000000000014,-5.669999999999995,5.939999999999998,1.27,Up
19.776000000000014,-5.669999999999995,6.029999999999998,1.27,Up
19.808000000000014,-5.669999999999995,6.119999999999997,1.27,Up
19.840000000000014,-5.669999999999995,6.209999999999997,1.27,Up
19.872000000000014,-5.669999999999995,6.299999999999997,1.27,Up
19.904000000000014,-5.669999999999995,6.389999999999997,1.27,Up
19.936000000000014,-5.669999999999995,6.479999999999997,1.27,Up
19.968000000000014,-5.669999999999995,6.569999999999997,1.27,Up
20.000000000000014,-5.669999999999995,6.659999999999997,1.27,Up
20.032000000000014,-5.669999999999995,6.7499999999999964,1.27,Up
20.064000000000014,-5.669999999999995,6.839999999999996,1.27,Up
20.096000000000014,-5.669999999999995,6.929999999999996,1.27,Up
20.128000000000014,-5.669999999999995,7.019999999999996,1.27,Up
20.160000000000014,-5.669999999999995,7.109999999999996,1.27,Up
20.192000000000014,-5.669999999999995,7.199999999999996,1.27,Up
20.224000000000014,-5.669999999999995,7.289999999999996,1.27,Up
20.256000000000014,-5.669999999999995,7.3799999999999955,1.27,Up
20.288000000000014,-5.669999999999995,7.469999999999995,1.27,Up
20.320000000000014,-5.669999999999995,7.559999999999995,1.27,Up
20.352000000000015,-5.669999999999995,7.649999999999995,1.27,Up
20.384000000000015,-5.669999999999995,7.739999999999995,1.27,Up
20.416000000000015,-5.669999999999995,7.829999999999995,1.27,Up
20.448000000000015,-5.669999999999995,7.739999999999995,1.27,Down
20.480000000000015,-5.669999999999995,7.649999999999995,1.27,Down
20.512000000000015,-5.669999999999995,7.559999999999995,1.27,Down
20.544000000000015,-5.669999999999995,7.469999999999995,1.27,Down
20.576000000000015,-5.669999999999995,7.3799999999999955,1.27,Down
20.608000000000015,-5.669999999999995,7.289999999999996,1.27,Down
20.640000000000015,-5.669999999999995,7.199999999999996,1.27,Down
20.672000000000015,-5.669999999999995,7.109999999999996,1.27,Down
20.704000000000015,-5.669999999999995,7.019999999999996,1.27,Down
20.736000000000015,-5.669999999999995,6.929999999999996,1.27,Down
20.768000000000015,-5.669999999999995,6.839999999999996,1.27,Down
20.800000000000015,-5.669999999999995,6.7499999999999964,1.27,Down
20.832000000000015,-5.669999999999995,6.659999999999997,1.27,Down
20.864000000000015,-5.669999999999995,6.569999999999997,1.27,Down
20.896000000000015,-5.669999999999995,6.479999999999997,1.27,Down
20.928000000000015,-5.669999999999995,6.389999999999997,1.27,Down
20.960000000000015,-5.669999999999995,6.299999999999997,1.27,Down
20.992000000000015,-5.669999999999995,6.209999999999997,1.27,Down
21.024000000000015,-5.669999999999995,6.119999999999997,1.27,Down
21.056000000000015,-5.669999999999995,6.029999999999998,1.27,Down
21.088000000000015,-5.669999999999995,5.939999999999998,1.27,Down
21.120000000000015,-5.669999999999995,5.849999999999998,1.27,Down
21.152000000000015,-5.669999999999995,5.759999999999998,1.27,Down
21.184000000000015,-5.669999999999995,5.669999999999998,1.27,Down
21.216000000000015,-5.669999999999995,5.579999999999998,1.27,Down
21.248000000000015,-5.669999999999995,5.489999999999998,1.27,Down
21.280000000000015,-5.669999999999995,5.399999999999999,1.27,Down
21.312000000000015,-5.669999999999995,5.309999999999999,1.27,Down
21.344000000000015,-5.669999999999995,5.219999999999999,1.27,Down
21.376000000000015,-5.669999999999995,5.129999999999999,1.27,Down
21.408000000000015,-5.669999999999995,5.039999999999999,1.27,Down
21.440000000000015,-5.669999999999995,4.949999999999999,1.27,Down
21.472000000000016,-5.669999999999995,4.859999999999999,1.27,Down
21.504000000000016,-5.669999999999995,4.77,1.27,Down
21.536000000000016,-5.669999999999995,4.68,1.27,Down
21.568000000000016,-5.669999999999995,4.59,1.27,Down
21.600000000000016,-5.669999999999995,4.5,1.27,Down
21.632000000000016,-5.669999999999995,4.41,1.27,Down
21.664000000000016,-5.669999999999995,4.32,1.27,Down
21.696000000000016,-5.669999999999995,4.23,1.27,Down
21.728000000000016,-5.669999999999995,4.140000000000001,1.27,Down
21.760000000000016,-5.669999999999995,4.050000000000001,1.27,Down
21.792000000000016,-5.669999999999995,3.960000000000001,1.27,Down
21.824000000000016,-5.669999999999995,3.870000000000001,1.27,Down
21.856000000000016,-5.669999999999995,3.780000000000001,1.27,Down
21.888000000000016,-5.669999999999995,3.6900000000000013,1.27,Down
21.920000000000016,-5.669999999999995,3.6000000000000014,1.27,Down
21.952000000000016,-5.669999999999995,3.5100000000000016,1.27,Down
21.984000000000016,-5.669999999999995,3.4200000000000017,1.27,Down
22.016000000000016,-5.669999999999995,3.330000000000002,1.27,Down
22.048000000000016,-5.669999999999995,3.240000000000002,1.27,Down
22.080000000000016,-5.669999999999995,3.150000000000002,1.27,Down
22.112000000000016,-5.669999999999995,3.0600000000000023,1.27,Down
22.144000000000016,-5.669999999999995,2.9700000000000024,1.27,Down
22.176000000000016,-5.669999999999995,2.8800000000000026,1.27,Down
22.208000000000016,-5.669999999999995,2.7900000000000027,1.27,Down
22.240000000000016,-5.669999999999995,2.700000000000003,1.27,Down
22.272000000000016,-5.669999999999995,2.610000000000003,1.27,Down
22.304000000000016,-5.669999999999995,2.520000000000003,1.27,Down
22.336000000000016,-5.669999999999995,2.4300000000000033,1.27,Down
22.368000000000016,-5.669999999999995,2.3400000000000034,1.27,Down
22.400000000000016,-5.669999999999995,2.2500000000000036,1.27,Down
22.432000000000016,-5.669999999999995,2.1600000000000037,1.27,Down
22.464000000000016,-5.669999999999995,2.070000000000004,1.27,Down
22.496000000000016,-5.669999999999995,1.9800000000000038,1.27,Down
22.528000000000016,-5.669999999999995,1.8900000000000037,1.27,Down
22.560000000000016,-5.669999999999995,1.8000000000000036,1.27,Down
22.592000000000017,-5.669999999999995,1.7100000000000035,1.27,Down
22.624000000000017,-5.669999999999995,1.6200000000000034,1.27,Down
22.656000000000017,-5.669999999999995,1.5300000000000034,1.27,Down
22.688000000000017,-5.669999999999995,1.4400000000000033,1.27,Down
22.720000000000017,-5.669999999999995,1.3500000000000032,1.27,Down
22.752000000000017,-5.669999999999995,1.2600000000000031,1.27,Down
22.784000000000017,-5.669999999999995,1.170000000000003,1.27,Down
22.816000000000017,-5.669999999999995,1.080000000000003,1.27,Down
22.848000000000017,-5.669999999999995,0.990000000000003,1.27,Down
22.880000000000017,-5.669999999999995,0.900000000000003,1.27,Down
22.912000000000017,-5.669999999999995,0.810000000000003,1.27,Down
22.944000000000017,-5.669999999999995,0.7200000000000031,1.27,Down
22.976000000000017,-5.669999999999995,0.6300000000000031,1.27,Down
23.008000000000017,-5.669999999999995,0.5400000000000031,1.27,Down
23.040000000000017,-5.669999999999995,0.4500000000000032,1.27,Down
23.072000000000017,-5.669999999999995,0.3600000000000032,1.27,Down
23.104000000000017,-5.669999999999995,0.27000000000000324,1.27,Down
23.136000000000017,-5.669999999999995,0.18000000000000324,1.27,Down
23.168000000000017,-5.669999999999995,0.09000000000000324,1.27,Down
23.200000000000017,-5.669999999999995,3.247402347028583e-15,1.27,Down
23.232000000000017,-5.669999999999995,-0.08999999999999675,1.27,Down
23.264000000000017,-5.669999999999995,-0.17999999999999675,1.27,Down
23.296000000000017,-5.669999999999995,-0.26999999999999674,1.27,Down
23.328000000000017,-5.669999999999995,-0.35999999999999677,1.27,Down
23.360000000000017,-5.669999999999995,-0.44999999999999674,1.27,Down
23.392000000000017,-5.669999999999995,-0.5399999999999967,1.27,Down
23.424000000000017,-5.669999999999995,-0.6299999999999967,1.27,Down
23.456000000000017,-5.669999999999995,-0.7199999999999966,1.27,Down
23.488000000000017,-5.669999999999995,-0.8099999999999966,1.27,Down
23.520000000000017,-5.669999999999995,-0.8999999999999966,1.27,Down
23.552000000000017,-5.669999999999995,-0.9899999999999965,1.27,Down
23.584000000000017,-5.669999999999995,-1.0799999999999965,1.27,Down
23.616000000000017,-5.669999999999995,-1.1699999999999966,1.27,Down
23.648000000000017,-5.669999999999995,-1.2599999999999967,1.27,Down
23.680000000000017,-5.669999999999995,-1.3499999999999968,1.27,Down
23.712000000000018,-5.669999999999995,-1.4399999999999968,1.27,Down
23.744000000000018,-5.669999999999995,-1.529999999999997,1.27,Down
23.776000000000018,-5.669999999999995,-1.619999999999997,1.27,Down
23.808000000000018,-5.669999999999995,-1.709999999999997,1.27,Down
23.840000000000018,-5.669999999999995,-1.7999999999999972,1.27,Down
23.872000000000018,-5.669999999999995,-1.8899999999999972,1.27,Down
23.904000000000018,-5.669999999999995,-1.9799999999999973,1.27,Down
23.936000000000018,-5.669999999999995,-2.069999999999997,1.27,Down
23.968000000000018,-5.669999999999995,-2.159999999999997,1.27,Down
24.000000000000018,-5.669999999999995,-2.249999999999997,1.27,Down
24.032000000000018,-5.669999999999995,-2.3399999999999967,1.27,Down
24.064000000000018,-5.669999999999995,-2.4299999999999966,1.27,Down
24.096000000000018,-5.669999999999995,-2.5199999999999965,1.27,Down
24.128000000000018,-5.669999999999995,-2.6099999999999963,1.27,Down
24.160000000000018,-5.669999999999995,-2.699999999999996,1.27,Down
24.192000000000018,-5.669999999999995,-2.789999999999996,1.27,Down
24.224000000000018,-5.669999999999995,-2.879999999999996,1.27,Down
24.256000000000018,-5.579999999999995,-2.879999999999996,1.27,Right
24.288000000000018,-5.489999999999995,-2.879999999999996,1.27,Right
24.320000000000018,-5.399999999999995,-2.879999999999996,1.27,Right
24.352000000000018,-5.309999999999995,-2.879999999999996,1.27,Right
24.384000000000018,-5.219999999999995,-2.879999999999996,1.27,Right
24.416000000000018,-5.1299999999999955,-2.879999999999996,1.27,Right
24.448000000000018,-5.039999999999996,-2.879999999999996,1.27,Right
24.480000000000018,-4.949999999999996,-2.879999999999996,1.27,Right
24.512000000000018,-4.859999999999996,-2.879999999999996,1.27,Right
24.54400000000002,-4.769999999999996,-2.879999999999996,1.27,Right
24.57600000000002,-4.679999999999996,-2.879999999999996,1.27,Right
24.60800000000002,-4.589999999999996,-2.879999999999996,1.27,Right
24.64000000000002,-4.4999999999999964,-2.879999999999996,1.27,Right
24.67200000000002,-4.409999999999997,-2.879999999999996,1.27,Right
24.70400000000002,-4.319999999999997,-2.879999999999996,1.27,Right
24.73600000000002,-4.229999999999997,-2.879999999999996,1.27,Right
24.76800000000002,-4.139999999999997,-2.879999999999996,1.27,Right
24.80000000000002,-4.049999999999997,-2.879999999999996,1.27,Right
24.83200000000002,-3.9599999999999973,-2.879999999999996,1.27,Right
24.86400000000002,-3.8699999999999974,-2.879999999999996,1.27,Right
24.89600000000002,-3.7799999999999976,-2.879999999999996,1.27,Right
24.92800000000002,-3.6899999999999977,-2.879999999999996,1.27,Right
24.96000000000002,-3.599999999999998,-2.879999999999996,1.27,Right
24.99200000000002,-3.509999999999998,-2.879999999999996,1.27,Right
25.02400000000002,-3.419999999999998,-2.879999999999996,1.27,Right
25.05600000000002,-3.3299999999999983,-2.879999999999996,1.27,Right
25.08800000000002,-3.2399999999999984,-2.879999999999996,1.27,Right
25.12000000000002,-3.1499999999999986,-2.879999999999996,1.27,Right
25.15200000000002,-3.0599999999999987,-2.879999999999996,1.27,Right
25.18400000000002,-2.969999999999999,-2.879999999999996,1.27,Right
25.21600000000002,-2.879999999999999,-2.879999999999996,1.27,Right
25.24800000000002,-2.789999999999999,-2.879999999999996,1.27,Right
25.28000000000002,-2.6999999999999993,-2.879999999999996,1.27,Right
25.31200000000002,-2.6099999999999994,-2.879999999999996,1.27,Right
25.34400000000002,-2.5199999999999996,-2.879999999999996,1.27,Right
25.37600000000002,-2.4299999999999997,-2.879999999999996,1.27,Right
25.40800000000002,-2.34,-2.879999999999996,1.27,Right
25.44000000000002,-2.25,-2.879999999999996,1.27,Right
25.47200000000002,-2.16,-2.879999999999996,1.27,Right
25.50400000000002,-2.0700000000000003,-2.879999999999996,1.27,Right
25.53600000000002,-1.9800000000000002,-2.879999999999996,1.27,Right
25.56800000000002,-1.8900000000000001,-2.879999999999996,1.27,Right
25.60000000000002,-1.8,-2.879999999999996,1.27,Right
25.63200000000002,-1.71,-2.879999999999996,1.27,Right
25.66400000000002,-1.6199999999999999,-2.879999999999996,1.27,Right
25.69600000000002,-1.5299999999999998,-2.879999999999996,1.27,Right
25.72800000000002,-1.4399999999999997,-2.879999999999996,1.27,Right
25.76000000000002,-1.3499999999999996,-2.879999999999996,1.27,Right
25.79200000000002,-1.2599999999999996,-2.879999999999996,1.27,Right
25.82400000000002,-1.1699999999999995,-2.879999999999996,1.27,Right
25.85600000000002,-1.0799999999999994,-2.879999999999996,1.27,Right
25.88800000000002,-0.9899999999999994,-2.879999999999996,1.27,Right
25.92000000000002,-0.8999999999999995,-2.879999999999996,1.27,Right
25.95200000000002,-0.8099999999999995,-2.879999999999996,1.27,Right
25.98400000000002,-0.7199999999999995,-2.879999999999996,1.27,Right
26.01600000000002,-0.6299999999999996,-2.879999999999996,1.27,Right
26.04800000000002,-0.5399999999999996,-2.879999999999996,1.27,Right
26.08000000000002,-0.4499999999999996,-2.879999999999996,1.27,Right
26.11200000000002,-0.35999999999999965,-2.879999999999996,1.27,Right
26.14400000000002,-0.2699999999999997,-2.879999999999996,1.27,Right
26.17600000000002,-0.1799999999999997,-2.879999999999996,1.27,Right
26.20800000000002,-0.08999999999999969,-2.879999999999996,1.27,Right
26.24000000000002,3.0531133177191805e-16,-2.879999999999996,1.27,Right
26.27200000000002,0.0900000000000003,-2.879999999999996,1.27,Right
26.30400000000002,0.1800000000000003,-2.879999999999996,1.27,Right
26.33600000000002,0.2700000000000003,-2.879999999999996,1.27,Right
26.36800000000002,0.3600000000000003,-2.879999999999996,1.27,Right
26.40000000000002,0.4500000000000003,-2.879999999999996,1.27,Right
26.43200000000002,0.5400000000000003,-2.879999999999996,1.27,Right
26.46400000000002,0.6300000000000002,-2.879999999999996,1.27,Right
26.49600000000002,0.7200000000000002,-2.879999999999996,1.27,Right
26.52800000000002,0.8100000000000002,-2.879999999999996,1.27,Right
26.56000000000002,0.9000000000000001,-2.879999999999996,1.27,Right
26.59200000000002,0.9900000000000001,-2.879999999999996,1.27,Right
26.62400000000002,1.08,-2.879999999999996,1.27,Right
26.65600000000002,1.1700000000000002,-2.879999999999996,1.27,Right
26.68800000000002,1.2600000000000002,-2.879999999999996,1.27,Right
26.72000000000002,1.3500000000000003,-2.879999999999996,1.27,Right
26.75200000000002,1.4400000000000004,-2.879999999999996,1.27,Right
26.78400000000002,1.5300000000000005,-2.879999999999996,1.27,Right
26.81600000000002,1.6200000000000006,-2.879999999999996,1.27,Right
26.84800000000002,1.7100000000000006,-2.879999999999996,1.27,Right
26.88000000000002,1.8000000000000007,-2.879999999999996,1.27,Right
26.91200000000002,1.8900000000000008,-2.879999999999996,1.27,Right
26.94400000000002,1.9800000000000009,-2.879999999999996,1.27,Right
26.97600000000002,2.0700000000000007,-2.879999999999996,1.27,Right
27.00800000000002,2.1600000000000006,-2.879999999999996,1.27,Right
27.04000000000002,2.2500000000000004,-2.879999999999996,1.27,Right
27.07200000000002,2.3400000000000003,-2.879999999999996,1.27,Right
27.10400000000002,2.43,-2.879999999999996,1.27,Right
27.13600000000002,2.52,-2.879999999999996,1.27,Right
27.16800000000002,2.61,-2.879999999999996,1.27,Right
27.20000000000002,2.6999999999999997,-2.879999999999996,1.27,Right
27.23200000000002,2.7899999999999996,-2.879999999999996,1.27,Right
27.26400000000002,2.8799999999999994,-2.879999999999996,1.27,Right
27.29600000000002,2.9699999999999993,-2.879999999999996,1.27,Right
27.32800000000002,3.059999999999999,-2.879999999999996,1.27,Right
27.36000000000002,3.149999999999999,-2.879999999999996,1.27,Right
27.39200000000002,3.239999999999999,-2.879999999999996,1.27,Right
27.42400000000002,3.3299999999999987,-2.879999999999996,1.27,Right
27.45600000000002,3.4199999999999986,-2.879999999999996,1.27,Right
27.48800000000002,3.5099999999999985,-2.879999999999996,1.27,Right
27.52000000000002,3.5999999999999983,-2.879999999999996,1.27,Right
27.55200000000002,3.689999999999998,-2.879999999999996,1.27,Right
27.58400000000002,3.779999999999998,-2.879999999999996,1.27,Right
27.61600000000002,3.869999999999998,-2.879999999999996,1.27,Right
27.64800000000002,3.9599999999999977,-2.879999999999996,1.27,Right
27.68000000000002,4.049999999999998,-2.879999999999996,1.27,Right
27.71200000000002,4.139999999999998,-2.879999999999996,1.27,Right
27.74400000000002,4.229999999999998,-2.879999999999996,1.27,Right
27.77600000000002,4.319999999999998,-2.879999999999996,1.27,Right
27.80800000000002,4.4099999999999975,-2.879999999999996,1.27,Right
27.84000000000002,4.499999999999997,-2.879999999999996,1.27,Right
27.87200000000002,4.589999999999997,-2.879999999999996,1.27,Right
27.90400000000002,4.679999999999997,-2.879999999999996,1.27,Right
27.93600000000002,4.769999999999997,-2.879999999999996,1.27,Right
27.96800000000002,4.859999999999997,-2.879999999999996,1.27,Right
28.00000000000002,4.949999999999997,-2.879999999999996,1.27,Right
28.03200000000002,5.0399999999999965,-2.879999999999996,1.27,Right
28.06400000000002,5.129999999999996,-2.879999999999996,1.27,Right
28.09600000000002,5.219999999999996,-2.879999999999996,1.27,Right
28.12800000000002,5.309999999999996,-2.879999999999996,1.27,Right
28.16000000000002,5.399999999999996,-2.879999999999996,1.27,Right
28.19200000000002,5.489999999999996,-2.879999999999996,1.27,Right
28.22400000000002,5.579999999999996,-2.879999999999996,1.27,Right
28.25600000000002,5.6699999999999955,-2.879999999999996,1.27,Right
28.28800000000002,5.759999999999995,-2.879999999999996,1.27,Right
28.32000000000002,5.849999999999995,-2.879999999999996,1.27,Right
28.35200000000002,5.939999999999995,-2.879999999999996,1.27,Right
28.38400000000002,6.029999999999995,-2.879999999999996,1.27,Right
28.41600000000002,6.119999999999995,-2.879999999999996,1.27,Right
28.44800000000002,6.209999999999995,-2.879999999999996,1.27,Right
28.48000000000002,6.2999999999999945,-2.879999999999996,1.27,Right
28.51200000000002,6.389999999999994,-2.879999999999996,1.27,Right
28.544000000000022,6.479999999999994,-2.879999999999996,1.27,Right
28.576000000000022,6.569999999999994,-2.879999999999996,1.27,Right
28.608000000000022,6.659999999999994,-2.879999999999996,1.27,Right
28.640000000000022,6.749999999999994,-2.879999999999996,1.27,Right
28.672000000000022,6.839999999999994,-2.879999999999996,1.27,Right
28.704000000000022,6.9299999999999935,-2.879999999999996,1.27,Right
28.736000000000022,7.019999999999993,-2.879999999999996,1.27,Right
28.768000000000022,7.109999999999993,-2.879999999999996,1.27,Right
28.800000000000022,7.199999999999993,-2.879999999999996,1.27,Right
28.832000000000022,7.289999999999993,-2.879999999999996,1.27,Right
28.864000000000022,7.379999999999993,-2.879999999999996,1.27,Right
28.896000000000022,7.469999999999993,-2.879999999999996,1.27,Right
28.928000000000022,7.5599999999999925,-2.879999999999996,1.27,Right
28.960000000000022,7.649999999999992,-2.879999999999996,1.27,Right
28.992000000000022,7.739999999999992,-2.879999999999996,1.27,Right
29.024000000000022,7.829999999999992,-2.879999999999996,1.27,Right
29.056000000000022,7.919999999999992,-2.879999999999996,1.27,Right
29.088000000000022,8.009999999999993,-2.879999999999996,1.27,Right
29.120000000000022,8.099999999999993,-2.879999999999996,1.27,Right
29.152000000000022,8.189999999999992,-2.879999999999996,1.27,Right
29.184000000000022,8.279999999999992,-2.879999999999996,1.27,Right
29.216000000000022,8.369999999999992,-2.879999999999996,1.27,Right
29.248000000000022,8.459999999999992,-2.879999999999996,1.27,Right
29.280000000000022,8.549999999999992,-2.879999999999996,1.27,Right
29.312000000000022,8.639999999999992,-2.879999999999996,1.27,Right
29.344000000000023,8.729999999999992,-2.879999999999996,1.27,Right
29.376000000000023,8.819999999999991,-2.879999999999996,1.27,Right
29.408000000000023,8.909999999999991,-2.879999999999996,1.27,Right
29.440000000000023,8.999999999999991,-2.879999999999996,1.27,Right
29.472000000000023,9.089999999999991,-2.879999999999996,1.27,Right
29.504000000000023,9.17999999999999,-2.879999999999996,1.27,Right
29.536000000000023,9.26999999999999,-2.879999999999996,1.27,Right
29.568000000000023,9.35999999999999,-2.879999999999996,1.27,Right
29.600000000000023,9.44999999999999,-2.879999999999996,1.27,Right
29.632000000000023,9.53999999999999,-2.879999999999996,1.27,Right
29.664000000000023,9.62999999999999,-2.879999999999996,1.27,Right
29.696000000000023,9.71999999999999,-2.879999999999996,1.27,Right
29.728000000000023,9.80999999999999,-2.879999999999996,1.27,Right
29.760000000000023,9.89999999999999,-2.879999999999996,1.27,Right
29.792000000000023,9.89999999999999,-2.9699999999999958,1.27,Down
29.824000000000023,9.89999999999999,-3.0599999999999956,1.27,Down
29.856000000000023,9.89999999999999,-3.1499999999999955,1.27,Down
29.888000000000023,9.98999999999999,-3.1499999999999955,1.27,Right
29.920000000000023,10.07999999999999,-3.1499999999999955,1.27,Right
29.952000000000023,10.16999999999999,-3.1499999999999955,1.27,Right
29.984000000000023,10.25999999999999,-3.1499999999999955,1.27,Right
30.016000000000023,10.25999999999999,-3.0599999999999956,1.27,Up
30.048000000000023,10.25999999999999,-2.9699999999999958,1.27,Up
30.080000000000023,10.25999999999999,-2.879999999999996,1.27,Up
30.112000000000023,10.25999999999999,-2.789999999999996,1.27,Up
30.144000000000023,10.25999999999999,-2.699999999999996,1.27,Up
30.176000000000023,10.25999999999999,-2.6099999999999963,1.27,Up
30.208000000000023,10.25999999999999,-2.5199999999999965,1.27,Up
30.240000000000023,10.25999999999999,-2.4299999999999966,1.27,Up
30.272000000000023,10.25999999999999,-2.3399999999999967,1.27,Up
30.304000000000023,10.25999999999999,-2.249999999999997,1.27,Up
30.336000000000023,10.25999999999999,-2.159999999999997,1.27,Up
30.368000000000023,10.25999999999999,-2.069999999999997,1.27,Up
30.400000000000023,10.25999999999999,-1.979999999999997,1.27,Up
30.432000000000023,10.25999999999999,-1.889999999999997,1.27,Up
30.464000000000024,10.25999999999999,-1.799999999999997,1.27,Up
30.496000000000024,10.25999999999999,-1.7099999999999969,1.27,Up
30.528000000000024,10.25999999999999,-1.6199999999999968,1.27,Up
30.560000000000024,10.25999999999999,-1.5299999999999967,1.27,Up
30.592000000000024,10.25999999999999,-1.4399999999999966,1.27,Up
30.624000000000024,10.25999999999999,-1.3499999999999965,1.27,Up
30.656000000000024,10.25999999999999,-1.3499999999999965,1.27,Stationary
30.688000000000024,10.25999999999999,-1.3499999999999965,1.27,Stationary
30.720000000000024,10.25999999999999,-1.3499999999999965,1.27,Stationary
30.752000000000024,10.25999999999999,-1.3499999999999965,1.27,Stationary
30.784000000000024,10.25999999999999,-1.3499999999999965,1.27,Stationary
30.816000000000024,10.25999999999999,-1.3499999999999965,1.27,Stationary
30.848000000000024,10.25999999999999,-1.3499999999999965,1.27,Stationary
30.880000000000024,10.25999999999999,-1.3499999999999965,1.27,Stationary
30.912000000000024,10.25999999999999,-1.3499999999999965,1.27,Stationary
30.944000000000024,10.25999999999999,-1.3499999999999965,1.27,Stationary
30.976000000000024,10.25999999999999,-1.3499999999999965,1.27,Stationary
31.008000000000024,10.25999999999999,-1.3499999999999965,1.27,Stationary
31.040000000000024,10.25999999999999,-1.3499999999999965,1.27,Stationary
31.072000000000024,10.25999999999999,-1.3499999999999965,1.27,Stationary
31.104000000000024,10.25999999999999,-1.3499999999999965,1.27,Stationary
31.136000000000024,10.25999999999999,-1.3499999999999965,1.27,Stationary
31.168000000000024,10.25999999999999,-1.3499999999999965,1.27,Stationary
31.200000000000024,10.25999999999999,-1.3499999999999965,1.27,Stationary
31.232000000000024,10.25999999999999,-1.3499999999999965,1.27,Stationary
31.264000000000024,10.25999999999999,-1.3499999999999965,1.27,Stationary
31.296000000000024,10.25999999999999,-1.3499999999999965,1.27,Stationary
31.328000000000024,10.25999999999999,-1.3499999999999965,1.27,Stationary
31.360000000000024,10.25999999999999,-1.3499999999999965,1.27,Stationary
31.392000000000024,10.25999999999999,-1.3499999999999965,1.27,Stationary
31.424000000000024,10.25999999999999,-1.3499999999999965,1.27,Stationary
31.456000000000024,10.25999999999999,-1.2599999999999965,1.27,Up
31.488000000000024,10.25999999999999,-1.1699999999999964,1.27,Up
31.520000000000024,10.25999999999999,-1.0799999999999963,1.27,Up
31.552000000000024,10.25999999999999,-0.9899999999999963,1.27,Up
31.584000000000024,10.25999999999999,-0.9899999999999963,1.27,Stationary
31.616000000000025,10.25999999999999,-0.9899999999999963,1.27,Stationary
31.648000000000025,10.25999999999999,-1.0799999999999963,1.27,Down
31.680000000000025,10.25999999999999,-1.1699999999999964,1.27,Down
31.712000000000025,10.25999999999999,-1.2599999999999965,1.27,Down
31.744000000000025,10.25999999999999,-1.3499999999999965,1.27,Down
31.776000000000025,10.25999999999999,-1.4399999999999966,1.27,Down
31.808000000000025,10.25999999999999,-1.5299999999999967,1.27,Down
31.840000000000025,10.25999999999999,-1.6199999999999968,1.27,Down
31.872000000000025,10.25999999999999,-1.7099999999999969,1.27,Down
31.904000000000025,10.25999999999999,-1.799999999999997,1.27,Down
31.936000000000025,10.25999999999999,-1.889999999999997,1.27,Down
31.968000000000025,10.25999999999999,-1.979999999999997,1.27,Down
32.00000000000002,10.25999999999999,-2.069999999999997,1.27,Down
32.03200000000002,10.25999999999999,-2.159999999999997,1.27,Down
32.064000000000014,10.25999999999999,-2.249999999999997,1.27,Down
32.09600000000001,10.25999999999999,-2.3399999999999967,1.27,Down
32.12800000000001,10.25999999999999,-2.4299999999999966,1.27,Down
32.160000000000004,10.25999999999999,-2.5199999999999965,1.27,Down
32.192,10.25999999999999,-2.6099999999999963,1.27,Down
32.224,10.25999999999999,-2.699999999999996,1.27,Down
32.25599999999999,10.25999999999999,-2.789999999999996,1.27,Down
32.28799999999999,10.25999999999999,-2.879999999999996,1.27,Down
32.319999999999986,10.25999999999999,-2.9699999999999958,1.27,Down
32.35199999999998,10.25999999999999,-3.0599999999999956,1.27,Down
32.38399999999998,10.25999999999999,-3.1499999999999955,1.27,Down
32.415999999999976,10.25999999999999,-3.2399999999999953,1.27,Down
32.44799999999997,10.25999999999999,-3.329999999999995,1.27,Down
32.47999999999997,10.25999999999999,-3.419999999999995,1.27,Down
32.511999999999965,10.25999999999999,-3.509999999999995,1.27,Down
32.54399999999996,10.25999999999999,-3.5999999999999948,1.27,Down
32.57599999999996,10.25999999999999,-3.6899999999999946,1.27,Down
32.607999999999954,10.25999999999999,-3.7799999999999945,1.27,Down
32.63999999999995,10.25999999999999,-3.8699999999999943,1.27,Down
32.67199999999995,10.25999999999999,-3.959999999999994,1.27,Down
32.703999999999944,10.25999999999999,-4.0499999999999945,1.27,Down
32.73599999999994,10.25999999999999,-4.139999999999994,1.27,Down
32.76799999999994,10.25999999999999,-4.229999999999994,1.27,Down
32.79999999999993,10.25999999999999,-4.319999999999994,1.27,Down
32.83199999999993,10.349999999999989,-4.319999999999994,1.27,Right
32.863999999999926,10.439999999999989,-4.319999999999994,1.27,Right
32.89599999999992,10.529999999999989,-4.319999999999994,1.27,Right
32.92799999999992,10.619999999999989,-4.319999999999994,1.27,Right
32.959999999999916,10.709999999999988,-4.319999999999994,1.27,Right
32.99199999999991,10.799999999999988,-4.319999999999994,1.27,Right
33.02399999999991,10.889999999999988,-4.319999999999994,1.27,Right
33.055999999999905,10.979999999999988,-4.319999999999994,1.27,Right
33.0879999999999,11.069999999999988,-4.319999999999994,1.27,Right
33.1199999999999,11.159999999999988,-4.319999999999994,1.27,Right
33.151999999999894,11.249999999999988,-4.319999999999994,1.27,Right
33.18399999999989,11.339999999999987,-4.319999999999994,1.27,Right
33.21599999999989,11.429999999999987,-4.319999999999994,1.27,Right
33.247999999999884,11.519999999999987,-4.319999999999994,1.27,Right
33.27999999999988,11.609999999999987,-4.319999999999994,1.27,Right
33.31199999999988,11.699999999999987,-4.319999999999994,1.27,Right
33.34399999999987,11.699999999999987,-4.409999999999994,1.27,Down
33.37599999999987,11.699999999999987,-4.499999999999994,1.27,Down
33.407999999999866,11.699999999999987,-4.589999999999994,1.27,Down
33.43999999999986,11.699999999999987,-4.6799999999999935,1.27,Down
33.47199999999986,11.699999999999987,-4.769999999999993,1.27,Down
33.503999999999856,11.699999999999987,-4.859999999999993,1.27,Down
33.53599999999985,11.699999999999987,-4.949999999999993,1.27,Down
33.56799999999985,11.699999999999987,-5.039999999999993,1.27,Down
33.599999999999845,11.699999999999987,-5.129999999999993,1.27,Down
33.63199999999984,11.699999999999987,-5.219999999999993,1.27,Down
33.66399999999984,11.699999999999987,-5.3099999999999925,1.27,Down
33.695999999999835,11.699999999999987,-5.399999999999992,1.27,Down
33.72799999999983,11.699999999999987,-5.489999999999992,1.27,Down
33.75999999999983,11.699999999999987,-5.579999999999992,1.27,Down
33.791999999999824,11.699999999999987,-5.669999999999992,1.27,Down
33.82399999999982,11.699999999999987,-5.759999999999992,1.27,Down
33.85599999999982,11.699999999999987,-5.759999999999992,1.27,Stationary
33.88799999999981,11.699999999999987,-5.759999999999992,1.27,Stationary
33.91999999999981,11.699999999999987,-5.759999999999992,1.27,Stationary
33.951999999999806,11.699999999999987,-5.759999999999992,1.27,Stationary
33.9839999999998,11.699999999999987,-5.759999999999992,1.27,Stationary
34.0159999999998,11.699999999999987,-5.759999999999992,1.27,Stationary
34.047999999999796,11.699999999999987,-5.759999999999992,1.27,Stationary
34.07999999999979,11.699999999999987,-5.759999999999992,1.27,Stationary
34.11199999999979,11.789999999999987,-5.759999999999992,1.27,Right
34.143999999999785,11.879999999999987,-5.759999999999992,1.27,Right
34.17599999999978,11.969999999999986,-5.759999999999992,1.27,Right
34.20799999999978,12.059999999999986,-5.759999999999992,1.27,Right
34.239999999999775,12.149999999999986,-5.759999999999992,1.27,Right
34.27199999999977,12.239999999999986,-5.759999999999992,1.27,Right
34.30399999999977,12.329999999999986,-5.759999999999992,1.27,Right
34.335999999999764,12.419999999999986,-5.759999999999992,1.27,Right
34.36799999999976,12.509999999999986,-5.759999999999992,1.27,Right
34.39999999999976,12.599999999999985,-5.759999999999992,1.27,Right
34.43199999999975,12.689999999999985,-5.759999999999992,1.27,Right
34.46399999999975,12.779999999999985,-5.759999999999992,1.27,Right
34.495999999999746,12.779999999999985,-5.849999999999992,1.27,Down
34.52799999999974,12.779999999999985,-5.9399999999999915,1.27,Down
34.55999999999974,12.779999999999985,-6.029999999999991,1.27,Down
34.591999999999736,12.779999999999985,-6.119999999999991,1.27,Down
34.62399999999973,12.779999999999985,-6.209999999999991,1.27,Down
34.65599999999973,12.779999999999985,-6.299999999999991,1.27,Down
34.687999999999725,12.779999999999985,-6.389999999999991,1.27,Down
34.71999999999972,12.779999999999985,-6.299999999999991,1.27,Up
34.75199999999972,12.779999999999985,-6.209999999999991,1.27,Up
34.783999999999715,12.779999999999985,-6.119999999999991,1.27,Up
34.81599999999971,12.779999999999985,-6.029999999999991,1.27,Up
34.84799999999971,12.779999999999985,-6.119999999999991,1.27,Down
34.879999999999704,12.779999999999985,-6.209999999999991,1.27,Down
34.9119999999997,12.869999999999985,-6.209999999999991,1.27,Right
34.9439999999997,12.779999999999985,-6.209999999999991,1.27,Left
34.975999999999694,12.689999999999985,-6.209999999999991,1.27,Left
35.00799999999969,12.599999999999985,-6.209999999999991,1.27,Left
35.03999999999969,12.509999999999986,-6.209999999999991,1.27,Left
35.07199999999968,12.419999999999986,-6.209999999999991,1.27,Left
35.10399999999968,12.329999999999986,-6.209999999999991,1.27,Left
35.135999999999676,12.239999999999986,-6.209999999999991,1.27,Left
35.16799999999967,12.149999999999986,-6.209999999999991,1.27,Left
35.19999999999967,12.059999999999986,-6.209999999999991,1.27,Left
35.231999999999665,11.969999999999986,-6.209999999999991,1.27,Left
35.26399999999966,11.879999999999987,-6.209999999999991,1.27,Left
35.29599999999966,11.789999999999987,-6.209999999999991,1.27,Left
35.327999999999655,11.699999999999987,-6.209999999999991,1.27,Left
35.35999999999965,11.609999999999987,-6.209999999999991,1.27,Left
35.39199999999965,11.519999999999987,-6.209999999999991,1.27,Left
35.423999999999644,11.429999999999987,-6.209999999999991,1.27,Left
35.45599999999964,11.339999999999987,-6.209999999999991,1.27,Left
35.48799999999964,11.249999999999988,-6.209999999999991,1.27,Left
35.519999999999634,11.159999999999988,-6.209999999999991,1.27,Left
35.55199999999963,11.069999999999988,-6.209999999999991,1.27,Left
35.58399999999963,10.979999999999988,-6.209999999999991,1.27,Left
35.61599999999962,10.889999999999988,-6.209999999999991,1.27,Left
35.64799999999962,10.799999999999988,-6.209999999999991,1.27,Left
35.679999999999616,10.709999999999988,-6.209999999999991,1.27,Left
35.71199999999961,10.619999999999989,-6.209999999999991,1.27,Left
35.74399999999961,10.529999999999989,-6.209999999999991,1.27,Left
35.775999999999605,10.439999999999989,-6.209999999999991,1.27,Left
35.8079999999996,10.349999999999989,-6.209999999999991,1.27,Left
35.8399999999996,10.25999999999999,-6.209999999999991,1.27,Left
35.871999999999595,10.16999999999999,-6.209999999999991,1.27,Left
35.90399999999959,10.07999999999999,-6.209999999999991,1.27,Left
35.93599999999959,10.16999999999999,-6.209999999999991,1.27,Right
35.967999999999584,10.25999999999999,-6.209999999999991,1.27,Right
35.99999999999958,10.349999999999989,-6.209999999999991,1.27,Right
36.03199999999958,10.439999999999989,-6.209999999999991,1.27,Right
36.063999999999574,10.529999999999989,-6.209999999999991,1.27,Right
36.09599999999957,10.619999999999989,-6.209999999999991,1.27,Right
36.12799999999957,10.709999999999988,-6.209999999999991,1.27,Right
36.15999999999956,10.799999999999988,-6.209999999999991,1.27,Right
36.19199999999956,10.799999999999988,-6.119999999999991,1.27,Up
36.223999999999556,10.799999999999988,-6.029999999999991,1.27,Up
36.25599999999955,10.799999999999988,-5.9399999999999915,1.27,Up
36.28799999999955,10.799999999999988,-5.849999999999992,1.27,Up
36.319999999999546,10.799999999999988,-5.759999999999992,1.27,Up
36.35199999999954,10.799999999999988,-5.669999999999992,1.27,Up
36.38399999999954,10.799999999999988,-5.579999999999992,1.27,Up
36.415999999999535,10.799999999999988,-5.489999999999992,1.27,Up
36.44799999999953,10.799999999999988,-5.399999999999992,1.27,Up
36.47999999999953,10.799999999999988,-5.3099999999999925,1.27,Up
36.511999999999524,10.799999999999988,-5.219999999999993,1.27,Up
36.54399999999952,10.799999999999988,-5.129999999999993,1.27,Up
36.57599999999952,10.889999999999988,-5.129999999999993,1.27,Right
36.607999999999514,10.979999999999988,-5.129999999999993,1.27,Right
36.63999999999951,11.069999999999988,-5.129999999999993,1.27,Right
36.67199999999951,11.159999999999988,-5.129999999999993,1.27,Right
36.7039999999995,11.249999999999988,-5.129999999999993,1.27,Right
36.7359999999995,11.339999999999987,-5.129999999999993,1.27,Right
36.767999999999496,11.429999999999987,-5.129999999999993,1.27,Right
36.79999999999949,11.519999999999987,-5.129999999999993,1.27,Right
36.83199999999949,11.609999999999987,-5.129999999999993,1.27,Right
36.863999999999486,11.699999999999987,-5.129999999999993,1.27,Right
36.89599999999948,11.789999999999987,-5.129999999999993,1.27,Right
36.92799999999948,11.879999999999987,-5.129999999999993,1.27,Right
36.959999999999475,11.969999999999986,-5.129999999999993,1.27,Right
36.99199999999947,12.059999999999986,-5.129999999999993,1.27,Right
37.02399999999947,12.149999999999986,-5.129999999999993,1.27,Right
37.055999999999464,12.239999999999986,-5.129999999999993,1.27,Right
37.08799999999946,12.329999999999986,-5.129999999999993,1.27,Right
37.11999999999946,12.419999999999986,-5.129999999999993,1.27,Right
37.151999999999454,12.509999999999986,-5.129999999999993,1.27,Right
37.18399999999945,12.599999999999985,-5.129999999999993,1.27,Right
37.21599999999945,12.689999999999985,-5.129999999999993,1.27,Right
37.24799999999944,12.779999999999985,-5.129999999999993,1.27,Right
37.27999999999944,12.869999999999985,-5.129999999999993,1.27,Right
37.311999999999436,12.959999999999985,-5.129999999999993,1.27,Right
37.34399999999943,13.049999999999985,-5.129999999999993,1.27,Right
37.37599999999943,13.139999999999985,-5.129999999999993,1.27,Right
37.407999999999426,13.229999999999984,-5.129999999999993,1.27,Right
37.43999999999942,13.319999999999984,-5.129999999999993,1.27,Right
37.47199999999942,13.409999999999984,-5.129999999999993,1.27,Right
37.503999999999415,13.499999999999984,-5.129999999999993,1.27,Right
37.53599999999941,13.589999999999984,-5.129999999999993,1.27,Right
37.56799999999941,13.679999999999984,-5.129999999999993,1.27,Right
37.599999999999405,13.769999999999984,-5.129999999999993,1.27,Right
37.6319999999994,13.859999999999983,-5.129999999999993,1.27,Right
37.6639999999994,13.949999999999983,-5.129999999999993,1.27,Right
37.695999999999394,13.949999999999983,-5.039999999999993,1.27,Up
37.72799999999939,13.949999999999983,-4.949999999999993,1.27,Up
37.75999999999939,13.949999999999983,-4.859999999999993,1.27,Up
37.79199999999938,13.949999999999983,-4.769999999999993,1.27,Up
37.82399999999938,13.949999999999983,-4.6799999999999935,1.27,Up
37.855999999999376,13.949999999999983,-4.589999999999994,1.27,Up
37.88799999999937,13.949999999999983,-4.499999999999994,1.27,Up
37.91999999999937,13.949999999999983,-4.409999999999994,1.27,Up
37.951999999999366,13.949999999999983,-4.319999999999994,1.27,Up
37.98399999999936,13.949999999999983,-4.229999999999994,1.27,Up
38.01599999999936,13.949999999999983,-4.139999999999994,1.27,Up
38.047999999999355,13.949999999999983,-4.0499999999999945,1.27,Up
38.07999999999935,13.949999999999983,-3.9599999999999946,1.27,Up
38.11199999999935,13.949999999999983,-3.8699999999999948,1.27,Up
38.143999999999345,13.949999999999983,-3.779999999999995,1.27,Up
38.17599999999934,13.949999999999983,-3.689999999999995,1.27,Up
38.20799999999934,13.949999999999983,-3.599999999999995,1.27,Up
38.239999999999334,13.949999999999983,-3.5099999999999953,1.27,Up
38.27199999999933,13.949999999999983,-3.4199999999999955,1.27,Up
38.30399999999933,13.949999999999983,-3.3299999999999956,1.27,Up
38.33599999999932,13.949999999999983,-3.2399999999999958,1.27,Up
38.36799999999932,13.949999999999983,-3.149999999999996,1.27,Up
38.39999999999932,13.949999999999983,-3.059999999999996,1.27,Up
38.43199999999931,13.949999999999983,-2.969999999999996,1.27,Up
38.46399999999931,13.949999999999983,-3.059999999999996,1.27,Down
38.495999999999306,13.949999999999983,-3.149999999999996,1.27,Down
38.5279999999993,13.949999999999983,-3.2399999999999958,1.27,Down
38.5599999999993,13.949999999999983,-3.3299999999999956,1.27,Down
38.591999999999295,13.949999999999983,-3.4199999999999955,1.27,Down
38.62399999999929,13.949999999999983,-3.5099999999999953,1.27,Down
38.65599999999929,13.949999999999983,-3.599999999999995,1.27,Down
38.687999999999285,13.949999999999983,-3.689999999999995,1.27,Down
38.71999999999928,13.949999999999983,-3.779999999999995,1.27,Down
38.75199999999928,13.949999999999983,-3.8699999999999948,1.27,Down
38.783999999999274,13.949999999999983,-3.9599999999999946,1.27,Down
38.81599999999927,13.949999999999983,-4.0499999999999945,1.27,Down
38.84799999999927,13.949999999999983,-4.139999999999994,1.27,Down
38.879999999999264,13.949999999999983,-4.229999999999994,1.27,Down
38.91199999999926,13.949999999999983,-4.319999999999994,1.27,Down
38.94399999999926,13.949999999999983,-4.409999999999994,1.27,Down
38.97599999999925,13.949999999999983,-4.499999999999994,1.27,Down
39.00799999999925,13.949999999999983,-4.589999999999994,1.27,Down
39.039999999999246,13.949999999999983,-4.6799999999999935,1.27,Down
39.07199999999924,13.949999999999983,-4.769999999999993,1.27,Down
39.10399999999924,13.949999999999983,-4.859999999999993,1.27,Down
39.135999999999235,13.949999999999983,-4.949999999999993,1.27,Down
39.16799999999923,13.949999999999983,-5.039999999999993,1.27,Down
39.19999999999923,13.949999999999983,-5.129999999999993,1.27,Down
39.231999999999225,13.949999999999983,-5.219999999999993,1.27,Down
39.26399999999922,13.949999999999983,-5.3099999999999925,1.27,Down
39.29599999999922,13.949999999999983,-5.399999999999992,1.27,Down
39.327999999999214,13.949999999999983,-5.489999999999992,1.27,Down
39.35999999999921,13.949999999999983,-5.579999999999992,1.27,Down
39.39199999999921,13.949999999999983,-5.669999999999992,1.27,Down
39.423999999999204,13.949999999999983,-5.759999999999992,1.27,Down
39.4559999999992,13.949999999999983,-5.849999999999992,1.27,Down
39.4879999999992,13.949999999999983,-5.9399999999999915,1.27,Down
39.51999999999919,13.949999999999983,-6.029999999999991,1.27,Down
39.55199999999919,13.949999999999983,-6.119999999999991,1.27,Down
39.583999999999186,13.949999999999983,-6.209999999999991,1.27,Down
39.61599999999918,13.949999999999983,-6.299999999999991,1.27,Down
39.64799999999918,13.949999999999983,-6.389999999999991,1.27,Down
39.679999999999175,13.949999999999983,-6.479999999999991,1.27,Down
39.71199999999917,13.949999999999983,-6.5699999999999905,1.27,Down
39.74399999999917,13.949999999999983,-6.65999999999999,1.27,Down
39.775999999999165,13.949999999999983,-6.74999999999999,1.27,Down
39.80799999999916,13.949999999999983,-6.83999999999999,1.27,Down
39.83999999999916,13.949999999999983,-6.92999999999999,1.27,Down
39.871999999999154,13.949999999999983,-7.01999999999999,1.27,Down
39.90399999999915,13.949999999999983,-7.10999999999999,1.27,Down
39.93599999999915,13.949999999999983,-7.1999999999999895,1.27,Down
39.967999999999144,13.949999999999983,-7.289999999999989,1.27,Down
39.99999999999914,13.949999999999983,-7.379999999999989,1.27,Down
40.03199999999914,13.949999999999983,-7.469999999999989,1.27,Down
40.06399999999913,13.949999999999983,-7.559999999999989,1.27,Down
40.09599999999913,13.949999999999983,-7.649999999999989,1.27,Down
40.127999999999126,13.949999999999983,-7.739999999999989,1.27,Down
40.15999999999912,13.949999999999983,-7.8299999999999885,1.27,Down
40.19199999999912,13.949999999999983,-7.919999999999988,1.27,Down
40.223999999999116,13.949999999999983,-8.00999999999999,1.27,Down
40.25599999999911,13.949999999999983,-8.099999999999989,1.27,Down
40.28799999999911,13.949999999999983,-8.189999999999989,1.27,Down
40.319999999999105,13.949999999999983,-8.279999999999989,1.27,Down
40.3519999999991,13.949999999999983,-8.369999999999989,1.27,Down
40.3839999999991,13.949999999999983,-8.459999999999988,1.27,Down
40.415999999999094,13.949999999999983,-8.549999999999988,1.27,Down
40.44799999999909,13.949999999999983,-8.639999999999988,1.27,Down
40.47999999999909,13.949999999999983,-8.729999999999988,1.27,Down
40.511999999999084,13.949999999999983,-8.819999999999988,1.27,Down
40.54399999999908,13.949999999999983,-8.909999999999988,1.27,Down
40.57599999999908,13.949999999999983,-8.999999999999988,1.27,Down
40.60799999999907,13.949999999999983,-9.089999999999987,1.27,Down
40.63999999999907,13.949999999999983,-9.179999999999987,1.27,Down
40.671999999999066,13.949999999999983,-9.269999999999987,1.27,Down
40.70399999999906,13.949999999999983,-9.359999999999987,1.27,Down
40.73599999999906,13.949999999999983,-9.449999999999987,1.27,Down
40.767999999999056,13.949999999999983,-9.539999999999987,1.27,Down
40.79999999999905,13.949999999999983,-9.629999999999987,1.27,Down
40.83199999999905,13.949999999999983,-9.719999999999986,1.27,Down
40.863999999999045,13.949999999999983,-9.809999999999986,1.27,Down
40.89599999999904,13.949999999999983,-9.899999999999986,1.27,Down
40.92799999999904,13.949999999999983,-9.989999999999986,1.27,Down
40.959999999999035,13.949999999999983,-10.079999999999986,1.27,Down
40.99199999999903,13.949999999999983,-10.169999999999986,1.27,Down
41.02399999999903,13.949999999999983,-10.259999999999986,1.27,Down
41.055999999999024,13.949999999999983,-10.349999999999985,1.27,Down
41.08799999999902,13.949999999999983,-10.439999999999985,1.27,Down
41.11999999999902,13.949999999999983,-10.529999999999985,1.27,Down
41.15199999999901,13.949999999999983,-10.619999999999985,1.27,Down
41.18399999999901,13.949999999999983,-10.709999999999985,1.27,Down
41.215999999999006,13.949999999999983,-10.799999999999985,1.27,Down
41.247999999999,13.949999999999983,-10.889999999999985,1.27,Down
41.279999999999,13.949999999999983,-10.979999999999984,1.27,Down
41.311999999998996,13.949999999999983,-11.069999999999984,1.27,Down
41.34399999999899,13.949999999999983,-11.159999999999984,1.27,Down
41.37599999999899,13.949999999999983,-11.249999999999984,1.27,Down
41.407999999998985,13.949999999999983,-11.339999999999984,1.27,Down
41.43999999999898,13.949999999999983,-11.429999999999984,1.27,Down
41.47199999999898,13.949999999999983,-11.519999999999984,1.27,Down
41.503999999998975,13.949999999999983,-11.609999999999983,1.27,Down
41.53599999999897,13.949999999999983,-11.699999999999983,1.27,Down
41.56799999999897,13.949999999999983,-11.789999999999983,1.27,Down
41.599999999998964,13.949999999999983,-11.879999999999983,1.27,Down
41.63199999999896,13.949999999999983,-11.969999999999983,1.27,Down
41.66399999999896,13.949999999999983,-12.059999999999983,1.27,Down
41.69599999999895,13.949999999999983,-12.149999999999983,1.27,Down
41.72799999999895,13.949999999999983,-12.239999999999982,1.27,Down
41.759999999998946,13.949999999999983,-12.329999999999982,1.27,Down
41.79199999999894,13.949999999999983,-12.419999999999982,1.27,Down
41.82399999999894,13.949999999999983,-12.509999999999982,1.27,Down
41.855999999998936,13.949999999999983,-12.599999999999982,1.27,Down
41.88799999999893,13.949999999999983,-12.689999999999982,1.27,Down
41.91999999999893,13.949999999999983,-12.779999999999982,1.27,Down
41.951999999998925,13.949999999999983,-12.869999999999981,1.27,Down
41.98399999999892,13.949999999999983,-12.959999999999981,1.27,Down
42.01599999999892,13.949999999999983,-13.049999999999981,1.27,Down
42.047999999998915,13.949999999999983,-13.139999999999981,1.27,Down
42.07999999999891,13.949999999999983,-13.22999999999998,1.27,Down
42.11199999999891,13.949999999999983,-13.31999999999998,1.27,Down
42.143999999998904,13.949999999999983,-13.40999999999998,1.27,Down
42.1759999999989,13.949999999999983,-13.49999999999998,1.27,Down
42.2079999999989,13.949999999999983,-13.58999999999998,1.27,Down
42.23999999999889,13.949999999999983,-13.67999999999998,1.27,Down
42.27199999999889,13.949999999999983,-13.76999999999998,1.27,Down
42.30399999999889,13.949999999999983,-13.85999999999998,1.27,Down
42.33599999999888,13.949999999999983,-13.94999999999998,1.27,Down
42.36799999999888,13.949999999999983,-14.03999999999998,1.27,Down
42.399999999998876,13.949999999999983,-14.12999999999998,1.27,Down
42.43199999999887,13.949999999999983,-14.21999999999998,1.27,Down
42.46399999999887,13.949999999999983,-14.30999999999998,1.27,Down
42.495999999998865,13.949999999999983,-14.399999999999979,1.27,Down
42.52799999999886,13.949999999999983,-14.489999999999979,1.27,Down
42.55999999999886,13.949999999999983,-14.579999999999979,1.27,Down
42.591999999998855,13.949999999999983,-14.669999999999979,1.27,Down
42.62399999999885,13.949999999999983,-14.759999999999978,1.27,Down
42.65599999999885,13.949999999999983,-14.849999999999978,1.27,Down
42.687999999998844,13.949999999999983,-14.939999999999978,1.27,Down
42.71999999999884,13.949999999999983,-15.029999999999978,1.27,Down
42.75199999999884,13.949999999999983,-15.119999999999978,1.27,Down
42.783999999998834,13.949999999999983,-15.209999999999978,1.27,Down
42.81599999999883,13.949999999999983,-15.299999999999978,1.27,Down
42.84799999999883,13.949999999999983,-15.389999999999977,1.27,Down
42.87999999999882,13.949999999999983,-15.479999999999977,1.27,Down
42.91199999999882,13.949999999999983,-15.569999999999977,1.27,Down
42.943999999998816,13.949999999999983,-15.659999999999977,1.27,Down
42.97599999999881,13.949999999999983,-15.749999999999977,1.27,Down
43.00799999999881,13.949999999999983,-15.839999999999977,1.27,Down
43.039999999998805,13.949999999999983,-15.929999999999977,1.27,Down
43.0719999999988,13.949999999999983,-16.01999999999998,1.27,Down
43.1039999999988,13.949999999999983,-16.109999999999978,1.27,Down
43.135999999998795,13.949999999999983,-16.199999999999978,1.27,Down
43.16799999999879,13.949999999999983,-16.289999999999978,1.27,Down
43.19999999999879,13.949999999999983,-16.379999999999978,1.27,Down
43.231999999998784,13.949999999999983,-16.469999999999978,1.27,Down
43.26399999999878,13.949999999999983,-16.559999999999977,1.27,Down
43.29599999999878,13.949999999999983,-16.649999999999977,1.27,Down
43.327999999998774,13.949999999999983,-16.739999999999977,1.27,Down
43.35999999999877,13.949999999999983,-16.829999999999977,1.27,Down
43.39199999999877,13.949999999999983,-16.919999999999977,1.27,Down
43.42399999999876,13.949999999999983,-17.009999999999977,1.27,Down
43.45599999999876,13.949999999999983,-17.099999999999977,1.27,Down
43.487999999998756,13.949999999999983,-17.189999999999976,1.27,Down
43.51999999999875,13.949999999999983,-17.279999999999976,1.27,Down
43.55199999999875,13.949999999999983,-17.369999999999976,1.27,Down
43.583999999998746,13.949999999999983,-17.459999999999976,1.27,Down
43.61599999999874,13.949999999999983,-17.549999999999976,1.27,Down
43.64799999999874,13.949999999999983,-17.639999999999976,1.27,Down
43.679999999998735,13.949999999999983,-17.729999999999976,1.27,Down
43.71199999999873,13.949999999999983,-17.819999999999975,1.27,Down
43.74399999999873,13.949999999999983,-17.909999999999975,1.27,Down
43.775999999998724,13.949999999999983,-17.999999999999975,1.27,Down
43.80799999999872,13.949999999999983,-18.089999999999975,1.27,Down
43.83999999999872,13.949999999999983,-18.179999999999975,1.27,Down
43.871999999998714,13.949999999999983,-18.269999999999975,1.27,Down
43.90399999999871,13.949999999999983,-18.359999999999975,1.27,Down
43.93599999999871,13.949999999999983,-18.449999999999974,1.27,Down
43.9679999999987,13.949999999999983,-18.539999999999974,1.27,Down
43.9999999999987,13.949999999999983,-18.629999999999974,1.27,Down
44.031999999998696,13.949999999999983,-18.719999999999974,1.27,Down
44.06399999999869,13.949999999999983,-18.809999999999974,1.27,Down
44.09599999999869,13.949999999999983,-18.899999999999974,1.27,Down
44.127999999998686,13.949999999999983,-18.989999999999974,1.27,Down
44.15999999999868,13.949999999999983,-19.079999999999973,1.27,Down
44.19199999999868,13.949999999999983,-19.169999999999973,1.27,Down
44.223999999998675,13.949999999999983,-19.259999999999973,1.27,Down
44.25599999999867,13.949999999999983,-19.349999999999973,1.27,Down
44.28799999999867,13.949999999999983,-19.439999999999973,1.27,Down
44.319999999998664,13.949999999999983,-19.529999999999973,1.27,Down
44.35199999999866,13.949999999999983,-19.619999999999973,1.27,Down
44.38399999999866,13.949999999999983,-19.709999999999972,1.27,Down
44.415999999998654,13.949999999999983,-19.619999999999973,1.27,Up
44.44799999999865,13.949999999999983,-19.529999999999973,1.27,Up
44.47999999999865,13.949999999999983,-19.439999999999973,1.27,Up
44.51199999999864,13.949999999999983,-19.349999999999973,1.27,Up
44.54399999999864,13.949999999999983,-19.259999999999973,1.27,Up
44.575999999998636,13.949999999999983,-19.169999999999973,1.27,Up
44.60799999999863,13.949999999999983,-19.079999999999973,1.27,Up
44.63999999999863,13.949999999999983,-18.989999999999974,1.27,Up
44.671999999998626,13.949999999999983,-18.899999999999974,1.27,Up
44.70399999999862,13.949999999999983,-18.809999999999974,1.27,Up
44.73599999999862,13.949999999999983,-18.719999999999974,1.27,Up
44.767999999998615,13.949999999999983,-18.629999999999974,1.27,Up
44.79999999999861,13.949999999999983,-18.539999999999974,1.27,Up
44.83199999999861,13.949999999999983,-18.449999999999974,1.27,Up
44.863999999998605,13.949999999999983,-18.359999999999975,1.27,Up
44.8959999999986,13.949999999999983,-18.269999999999975,1.27,Up
44.9279999999986,13.949999999999983,-18.179999999999975,1.27,Up
44.959999999998594,13.949999999999983,-18.089999999999975,1.27,Up
44.99199999999859,13.949999999999983,-17.999999999999975,1.27,Up
45.02399999999859,13.949999999999983,-17.909999999999975,1.27,Up
45.05599999999858,13.949999999999983,-17.819999999999975,1.27,Up
45.08799999999858,14.039999999999983,-17.819999999999975,1.27,Right
45.119999999998576,14.129999999999983,-17.819999999999975,1.27,Right
45.15199999999857,14.219999999999983,-17.819999999999975,1.27,Right
45.18399999999857,14.309999999999983,-17.819999999999975,1.27,Right
45.215999999998566,14.399999999999983,-17.819999999999975,1.27,Right
45.24799999999856,14.489999999999982,-17.819999999999975,1.27,Right
45.27999999999856,14.579999999999982,-17.819999999999975,1.27,Right
45.311999999998555,14.669999999999982,-17.819999999999975,1.27,Right
45.34399999999855,14.759999999999982,-17.819999999999975,1.27,Right
45.37599999999855,14.849999999999982,-17.819999999999975,1.27,Right
45.407999999998545,14.939999999999982,-17.819999999999975,1.27,Right
45.43999999999854,15.029999999999982,-17.819999999999975,1.27,Right
45.47199999999854,15.119999999999981,-17.819999999999975,1.27,Right
45.503999999998534,15.209999999999981,-17.819999999999975,1.27,Right
45.53599999999853,15.299999999999981,-17.819999999999975,1.27,Right
45.56799999999853,15.389999999999981,-17.819999999999975,1.27,Right
45.59999999999852,15.47999999999998,-17.819999999999975,1.27,Right
45.63199999999852,15.56999999999998,-17.819999999999975,1.27,Right
45.663999999998516,15.65999999999998,-17.819999999999975,1.27,Right
45.69599999999851,15.74999999999998,-17.819999999999975,1.27,Right
45.72799999999851,15.83999999999998,-17.819999999999975,1.27,Right
45.759999999998506,15.92999999999998,-17.819999999999975,1.27,Right
45.7919999999985,16.019999999999982,-17.819999999999975,1.27,Right
45.8239999999985,16.10999999999998,-17.819999999999975,1.27,Right
45.855999999998495,16.019999999999982,-17.819999999999975,1.27,Left
45.88799999999849,15.929999999999982,-17.819999999999975,1.27,Left
45.91999999999849,15.839999999999982,-17.819999999999975,1.27,Left
45.951999999998485,15.749999999999982,-17.819999999999975,1.27,Left
45.98399999999848,15.659999999999982,-17.819999999999975,1.27,Left
46.01599999999848,15.569999999999983,-17.819999999999975,1.27,Left
46.047999999998474,15.479999999999983,-17.819999999999975,1.27,Left
46.07999999999847,15.389999999999983,-17.819999999999975,1.27,Left
46.11199999999847,15.299999999999983,-17.819999999999975,1.27,Left
46.143999999998464,15.209999999999983,-17.819999999999975,1.27,Left
46.17599999999846,15.119999999999983,-17.819999999999975,1.27,Left
46.20799999999846,15.029999999999983,-17.819999999999975,1.27,Left
46.23999999999845,14.939999999999984,-17.819999999999975,1.27,Left
46.27199999999845,14.849999999999984,-17.819999999999975,1.27,Left
46.303999999998446,14.759999999999984,-17.819999999999975,1.27,Left
46.33599999999844,14.669999999999984,-17.819999999999975,1.27,Left
46.36799999999844,14.579999999999984,-17.819999999999975,1.27,Left
46.399999999998435,14.489999999999984,-17.819999999999975,1.27,Left
46.43199999999843,14.399999999999984,-17.819999999999975,1.27,Left
46.46399999999843,14.309999999999985,-17.819999999999975,1.27,Left
46.495999999998425,14.219999999999985,-17.819999999999975,1.27,Left
46.52799999999842,14.129999999999985,-17.819999999999975,1.27,Left
46.55999999999842,14.039999999999985,-17.819999999999975,1.27,Left
46.591999999998414,13.949999999999985,-17.819999999999975,1.27,Left
46.62399999999841,13.859999999999985,-17.819999999999975,1.27,Left
46.65599999999841,13.769999999999985,-17.819999999999975,1.27,Left
46.687999999998404,13.679999999999986,-17.819999999999975,1.27,Left
46.7199999999984,13.589999999999986,-17.819999999999975,1.27,Left
46.7519999999984,13.499999999999986,-17.819999999999975,1.27,Left
46.78399999999839,13.409999999999986,-17.819999999999975,1.27,Left
46.81599999999839,13.319999999999986,-17.819999999999975,1.27,Left
46.847999999998386,13.229999999999986,-17.819999999999975,1.27,Left
46.87999999999838,13.139999999999986,-17.819999999999975,1.27,Left
46.91199999999838,13.049999999999986,-17.819999999999975,1.27,Left
46.943999999998375,12.959999999999987,-17.819999999999975,1.27,Left
46.97599999999837,12.869999999999987,-17.819999999999975,1.27,Left
47.00799999999837,12.779999999999987,-17.819999999999975,1.27,Left
47.039999999998365,12.689999999999987,-17.819999999999975,1.27,Left
47.07199999999836,12.599999999999987,-17.819999999999975,1.27,Left
47.10399999999836,12.509999999999987,-17.819999999999975,1.27,Left
47.135999999998354,12.419999999999987,-17.819999999999975,1.27,Left
47.16799999999835,12.329999999999988,-17.819999999999975,1.27,Left
47.19999999999835,12.239999999999988,-17.819999999999975,1.27,Left
47.231999999998344,12.149999999999988,-17.819999999999975,1.27,Left
47.26399999999834,12.059999999999988,-17.819999999999975,1.27,Left
47.29599999999834,11.969999999999988,-17.819999999999975,1.27,Left
47.32799999999833,11.879999999999988,-17.819999999999975,1.27,Left
47.35999999999833,11.789999999999988,-17.819999999999975,1.27,Left
47.391999999998326,11.699999999999989,-17.819999999999975,1.27,Left
47.42399999999832,11.609999999999989,-17.819999999999975,1.27,Left
47.45599999999832,11.519999999999989,-17.819999999999975,1.27,Left
47.487999999998316,11.429999999999989,-17.819999999999975,1.27,Left
47.51999999999831,11.33999999999999,-17.819999999999975,1.27,Left
47.55199999999831,11.24999999999999,-17.819999999999975,1.27,Left
47.583999999998305,11.15999999999999,-17.819999999999975,1.27,Left
47.6159999999983,11.06999999999999,-17.819999999999975,1.27,Left
47.6479999999983,10.97999999999999,-17.819999999999975,1.27,Left
47.679999999998294,10.88999999999999,-17.819999999999975,1.27,Left
47.71199999999829,10.79999999999999,-17.819999999999975,1.27,Left
47.74399999999829,10.70999999999999,-17.819999999999975,1.27,Left
47.775999999998284,10.61999999999999,-17.819999999999975,1.27,Left
47.80799999999828,10.52999999999999,-17.819999999999975,1.27,Left
47.83999999999828,10.43999999999999,-17.819999999999975,1.27,Left
47.87199999999827,10.34999999999999,-17.819999999999975,1.27,Left
47.90399999999827,10.259999999999991,-17.819999999999975,1.27,Left
47.935999999998266,10.169999999999991,-17.819999999999975,1.27,Left
47.96799999999826,10.079999999999991,-17.819999999999975,1.27,Left
47.99999999999826,9.989999999999991,-17.819999999999975,1.27,Left
48.031999999998256,9.899999999999991,-17.819999999999975,1.27,Left
48.06399999999825,9.809999999999992,-17.819999999999975,1.27,Left
48.09599999999825,9.719999999999992,-17.819999999999975,1.27,Left
48.127999999998245,9.629999999999992,-17.819999999999975,1.27,Left
48.15999999999824,9.539999999999992,-17.819999999999975,1.27,Left
48.19199999999824,9.449999999999992,-17.819999999999975,1.27,Left
48.223999999998235,9.359999999999992,-17.819999999999975,1.27,Left
48.25599999999823,9.269999999999992,-17.819999999999975,1.27,Left
48.28799999999823,9.179999999999993,-17.819999999999975,1.27,Left
48.319999999998224,9.089999999999993,-17.819999999999975,1.27,Left
48.35199999999822,8.999999999999993,-17.819999999999975,1.27,Left
48.38399999999822,8.909999999999993,-17.819999999999975,1.27,Left
48.41599999999821,8.819999999999993,-17.819999999999975,1.27,Left
48.44799999999821,8.729999999999993,-17.819999999999975,1.27,Left
48.479999999998206,8.639999999999993,-17.819999999999975,1.27,Left
48.5119999999982,8.549999999999994,-17.819999999999975,1.27,Left
48.5439999999982,8.459999999999994,-17.819999999999975,1.27,Left
48.575999999998196,8.369999999999994,-17.819999999999975,1.27,Left
48.60799999999819,8.279999999999994,-17.819999999999975,1.27,Left
48.63999999999819,8.189999999999994,-17.819999999999975,1.27,Left
48.671999999998185,8.099999999999994,-17.819999999999975,1.27,Left
48.70399999999818,8.009999999999994,-17.819999999999975,1.27,Left
48.73599999999818,7.919999999999995,-17.819999999999975,1.27,Left
48.767999999998175,7.829999999999995,-17.819999999999975,1.27,Left
48.79999999999817,7.739999999999995,-17.819999999999975,1.27,Left
48.83199999999817,7.649999999999995,-17.819999999999975,1.27,Left
48.863999999998164,7.559999999999995,-17.819999999999975,1.27,Left
48.89599999999816,7.469999999999995,-17.819999999999975,1.27,Left
48.92799999999816,7.3799999999999955,-17.819999999999975,1.27,Left
48.95999999999815,7.289999999999996,-17.819999999999975,1.27,Left
48.99199999999815,7.199999999999996,-17.819999999999975,1.27,Left
49.023999999998146,7.109999999999996,-17.819999999999975,1.27,Left
49.05599999999814,7.019999999999996,-17.819999999999975,1.27,Left
49.08799999999814,6.929999999999996,-17.819999999999975,1.27,Left
49.119999999998136,6.839999999999996,-17.819999999999975,1.27,Left
49.15199999999813,6.7499999999999964,-17.819999999999975,1.27,Left
49.18399999999813,6.659999999999997,-17.819999999999975,1.27,Left
49.215999999998125,6.569999999999997,-17.819999999999975,1.27,Left
49.24799999999812,6.479999999999997,-17.819999999999975,1.27,Left
49.27999999999812,6.389999999999997,-17.819999999999975,1.27,Left
49.311999999998115,6.299999999999997,-17.819999999999975,1.27,Left
49.34399999999811,6.209999999999997,-17.819999999999975,1.27,Left
49.37599999999811,6.119999999999997,-17.819999999999975,1.27,Left
49.407999999998104,6.029999999999998,-17.819999999999975,1.27,Left
49.4399999999981,5.939999999999998,-17.819999999999975,1.27,Left
49.4719999999981,5.849999999999998,-17.819999999999975,1.27,Left
49.50399999999809,5.759999999999998,-17.819999999999975,1.27,Left
49.53599999999809,5.669999999999998,-17.819999999999975,1.27,Left
49.56799999999809,5.579999999999998,-17.819999999999975,1.27,Left
49.59999999999808,5.489999999999998,-17.819999999999975,1.27,Left
49.63199999999808,5.399999999999999,-17.819999999999975,1.27,Left
49.663999999998076,5.309999999999999,-17.819999999999975,1.27,Left
49.69599999999807,5.219999999999999,-17.819999999999975,1.27,Left
49.72799999999807,5.129999999999999,-17.819999999999975,1.27,Left
49.759999999998065,5.039999999999999,-17.819999999999975,1.27,Left
49.79199999999806,4.949999999999999,-17.819999999999975,1.27,Left
49.82399999999806,4.859999999999999,-17.819999999999975,1.27,Left
49.855999999998055,4.77,-17.819999999999975,1.27,Left
49.88799999999805,4.68,-17.819999999999975,1.27,Left
49.91999999999805,4.59,-17.819999999999975,1.27,Left
49.951999999998044,4.5,-17.819999999999975,1.27,Left
49.98399999999804,4.41,-17.819999999999975,1.27,Left
50.01599999999804,4.32,-17.819999999999975,1.27,Left
50.047999999998034,4.23,-17.819999999999975,1.27,Left
50.07999999999803,4.140000000000001,-17.819999999999975,1.27,Left
50.11199999999803,4.050000000000001,-17.819999999999975,1.27,Left
50.14399999999802,3.960000000000001,-17.819999999999975,1.27,Left
50.17599999999802,3.870000000000001,-17.819999999999975,1.27,Left
50.207999999998016,3.780000000000001,-17.819999999999975,1.27,Left
50.23999999999801,3.6900000000000013,-17.819999999999975,1.27,Left
50.27199999999801,3.6000000000000014,-17.819999999999975,1.27,Left
50.303999999998005,3.5100000000000016,-17.819999999999975,1.27,Left
50.335999999998,3.4200000000000017,-17.819999999999975,1.27,Left
50.367999999998,3.330000000000002,-17.819999999999975,1.27,Left
50.399999999997995,3.240000000000002,-17.819999999999975,1.27,Left
50.43199999999799,3.150000000000002,-17.819999999999975,1.27,Left
50.46399999999799,3.0600000000000023,-17.819999999999975,1.27,Left
50.495999999997984,2.9700000000000024,-17.819999999999975,1.27,Left
50.52799999999798,2.8800000000000026,-17.819999999999975,1.27,Left
50.55999999999798,2.7900000000000027,-17.819999999999975,1.27,Left
50.591999999997974,2.700000000000003,-17.819999999999975,1.27,Left
50.62399999999797,2.610000000000003,-17.819999999999975,1.27,Left
50.65599999999797,2.520000000000003,-17.819999999999975,1.27,Left
50.68799999999796,2.4300000000000033,-17.819999999999975,1.27,Left
50.71999999999796,2.3400000000000034,-17.819999999999975,1.27,Left
50.751999999997956,2.2500000000000036,-17.819999999999975,1.27,Left
50.78399999999795,2.1600000000000037,-17.819999999999975,1.27,Left
50.81599999999795,2.070000000000004,-17.819999999999975,1.27,Left
50.847999999997946,1.9800000000000038,-17.819999999999975,1.27,Left
50.87999999999794,1.8900000000000037,-17.819999999999975,1.27,Left
50.91199999999794,1.8000000000000036,-17.819999999999975,1.27,Left
50.943999999997935,1.7100000000000035,-17.819999999999975,1.27,Left
50.97599999999793,1.6200000000000034,-17.819999999999975,1.27,Left
51.00799999999793,1.5300000000000034,-17.819999999999975,1.27,Left
51.039999999997924,1.4400000000000033,-17.819999999999975,1.27,Left
51.07199999999792,1.3500000000000032,-17.819999999999975,1.27,Left
51.10399999999792,1.2600000000000031,-17.819999999999975,1.27,Left
51.135999999997914,1.170000000000003,-17.819999999999975,1.27,Left
51.16799999999791,1.080000000000003,-17.819999999999975,1.27,Left
51.19999999999791,0.990000000000003,-17.819999999999975,1.27,Left
51.2319999999979,0.900000000000003,-17.819999999999975,1.27,Left
51.2639999999979,0.810000000000003,-17.819999999999975,1.27,Left
51.295999999997896,0.7200000000000031,-17.819999999999975,1.27,Left
51.32799999999789,0.6300000000000031,-17.819999999999975,1.27,Left
51.35999999999789,0.5400000000000031,-17.819999999999975,1.27,Left
51.391999999997886,0.4500000000000032,-17.819999999999975,1.27,Left
51.42399999999788,0.3600000000000032,-17.819999999999975,1.27,Left
51.45599999999788,0.27000000000000324,-17.819999999999975,1.27,Left
51.487999999997875,0.18000000000000324,-17.819999999999975,1.27,Left
51.51999999999787,0.09000000000000324,-17.819999999999975,1.27,Left
51.55199999999787,3.247402347028583e-15,-17.819999999999975,1.27,Left
51.583999999997864,-0.08999999999999675,-17.819999999999975,1.27,Left
51.61599999999786,-0.17999999999999675,-17.819999999999975,1.27,Left
51.64799999999786,-0.26999999999999674,-17.819999999999975,1.27,Left
51.679999999997854,-0.35999999999999677,-17.819999999999975,1.27,Left
51.71199999999785,-0.44999999999999674,-17.819999999999975,1.27,Left
51.74399999999785,-0.5399999999999967,-17.819999999999975,1.27,Left
51.77599999999784,-0.6299999999999967,-17.819999999999975,1.27,Left
51.80799999999784,-0.7199999999999966,-17.819999999999975,1.27,Left
51.839999999997836,-0.8099999999999966,-17.819999999999975,1.27,Left
51.87199999999783,-0.8999999999999966,-17.819999999999975,1.27,Left
51.90399999999783,-0.9899999999999965,-17.819999999999975,1.27,Left
51.935999999997826,-1.0799999999999965,-17.819999999999975,1.27,Left
51.96799999999782,-1.1699999999999966,-17.819999999999975,1.27,Left
51.99999999999782,-1.2599999999999967,-17.819999999999975,1.27,Left
52.031999999997815,-1.3499999999999968,-17.819999999999975,1.27,Left
52.06399999999781,-1.4399999999999968,-17.819999999999975,1.27,Left
52.09599999999781,-1.529999999999997,-17.819999999999975,1.27,Left
52.127999999997805,-1.619999999999997,-17.819999999999975,1.27,Left
52.1599999999978,-1.709999999999997,-17.819999999999975,1.27,Left
52.1919999999978,-1.7999999999999972,-17.819999999999975,1.27,Left
52.223999999997794,-1.8899999999999972,-17.819999999999975,1.27,Left
52.25599999999779,-1.9799999999999973,-17.819999999999975,1.27,Left
52.28799999999779,-2.069999999999997,-17.819999999999975,1.27,Left
52.31999999999778,-2.159999999999997,-17.819999999999975,1.27,Left
52.35199999999778,-2.249999999999997,-17.819999999999975,1.27,Left
52.383999999997776,-2.3399999999999967,-17.819999999999975,1.27,Left
52.41599999999777,-2.4299999999999966,-17.819999999999975,1.27,Left
52.44799999999777,-2.5199999999999965,-17.819999999999975,1.27,Left
52.479999999997766,-2.6099999999999963,-17.819999999999975,1.27,Left
52.51199999999776,-2.699999999999996,-17.819999999999975,1.27,Left
52.54399999999776,-2.789999999999996,-17.819999999999975,1.27,Left
52.575999999997755,-2.879999999999996,-17.819999999999975,1.27,Left
52.60799999999775,-2.9699999999999958,-17.819999999999975,1.27,Left
52.63999999999775,-3.0599999999999956,-17.819999999999975,1.27,Left
52.671999999997745,-3.1499999999999955,-17.819999999999975,1.27,Left
52.70399999999774,-3.2399999999999953,-17.819999999999975,1.27,Left
52.73599999999774,-3.329999999999995,-17.819999999999975,1.27,Left
52.767999999997734,-3.419999999999995,-17.819999999999975,1.27,Left
52.79999999999773,-3.509999999999995,-17.819999999999975,1.27,Left
52.83199999999773,-3.5999999999999948,-17.819999999999975,1.27,Left
52.86399999999772,-3.6899999999999946,-17.819999999999975,1.27,Left
52.89599999999772,-3.7799999999999945,-17.819999999999975,1.27,Left
52.927999999997716,-3.8699999999999943,-17.819999999999975,1.27,Left
52.95999999999771,-3.959999999999994,-17.819999999999975,1.27,Left
52.99199999999771,-4.0499999999999945,-17.819999999999975,1.27,Left
53.023999999997706,-4.139999999999994,-17.819999999999975,1.27,Left
53.0559999999977,-4.229999999999994,-17.819999999999975,1.27,Left
53.0879999999977,-4.319999999999994,-17.819999999999975,1.27,Left
53.119999999997695,-4.409999999999994,-17.819999999999975,1.27,Left
53.15199999999769,-4.499999999999994,-17.819999999999975,1.27,Left
53.18399999999769,-4.589999999999994,-17.819999999999975,1.27,Left
53.215999999997685,-4.6799999999999935,-17.819999999999975,1.27,Left
53.24799999999768,-4.769999999999993,-17.819999999999975,1.27,Left
53.27999999999768,-4.859999999999993,-17.819999999999975,1.27,Left
53.311999999997674,-4.949999999999993,-17.819999999999975,1.27,Left
53.34399999999767,-5.039999999999993,-17.819999999999975,1.27,Left
53.37599999999767,-5.129999999999993,-17.819999999999975,1.27,Left
53.407999999997664,-5.219999999999993,-17.819999999999975,1.27,Left
53.43999999999766,-5.3099999999999925,-17.819999999999975,1.27,Left
53.47199999999766,-5.399999999999992,-17.819999999999975,1.27,Left
53.50399999999765,-5.489999999999992,-17.819999999999975,1.27,Left
53.53599999999765,-5.579999999999992,-17.819999999999975,1.27,Left
53.567999999997646,-5.669999999999992,-17.819999999999975,1.27,Left
53.59999999999764,-5.759999999999992,-17.819999999999975,1.27,Left
53.63199999999764,-5.849999999999992,-17.819999999999975,1.27,Left
53.663999999997635,-5.9399999999999915,-17.819999999999975,1.27,Left
53.69599999999763,-6.029999999999991,-17.819999999999975,1.27,Left
53.72799999999763,-6.119999999999991,-17.819999999999975,1.27,Left
53.759999999997625,-6.209999999999991,-17.819999999999975,1.27,Left
53.79199999999762,-6.299999999999991,-17.819999999999975,1.27,Left
53.82399999999762,-6.389999999999991,-17.819999999999975,1.27,Left
53.855999999997614,-6.479999999999991,-17.819999999999975,1.27,Left
53.88799999999761,-6.5699999999999905,-17.819999999999975,1.27,Left
53.91999999999761,-6.65999999999999,-17.819999999999975,1.27,Left
53.951999999997604,-6.74999999999999,-17.819999999999975,1.27,Left
53.9839999999976,-6.83999999999999,-17.819999999999975,1.27,Left
54.0159999999976,-6.92999999999999,-17.819999999999975,1.27,Left
54.04799999999759,-7.01999999999999,-17.819999999999975,1.27,Left
54.07999999999759,-7.10999999999999,-17.819999999999975,1.27,Left
54.111999999997586,-7.1999999999999895,-17.819999999999975,1.27,Left
54.14399999999758,-7.289999999999989,-17.819999999999975,1.27,Left
54.17599999999758,-7.379999999999989,-17.819999999999975,1.27,Left
54.207999999997575,-7.379999999999989,-17.909999999999975,1.27,Down
54.23999999999757,-7.379999999999989,-17.999999999999975,1.27,Down
54.27199999999757,-7.379999999999989,-18.089999999999975,1.27,Down
54.303999999997565,-7.379999999999989,-18.179999999999975,1.27,Down
54.33599999999756,-7.379999999999989,-18.269999999999975,1.27,Down
54.36799999999756,-7.379999999999989,-18.359999999999975,1.27,Down
54.399999999997554,-7.379999999999989,-18.449999999999974,1.27,Down
54.43199999999755,-7.379999999999989,-18.539999999999974,1.27,Down
54.46399999999755,-7.379999999999989,-18.629999999999974,1.27,Down
54.495999999997544,-7.379999999999989,-18.719999999999974,1.27,Down
54.52799999999754,-7.379999999999989,-18.809999999999974,1.27,Down
54.55999999999754,-7.379999999999989,-18.899999999999974,1.27,Down
54.59199999999753,-7.379999999999989,-18.989999999999974,1.27,Down
54.62399999999753,-7.379999999999989,-19.079999999999973,1.27,Down
54.655999999997526,-7.469999999999989,-19.079999999999973,1.27,Left
54.68799999999752,-7.559999999999989,-19.079999999999973,1.27,Left
54.71999999999752,-7.649999999999989,-19.079999999999973,1.27,Left
54.751999999997516,-7.739999999999989,-19.079999999999973,1.27,Left
54.78399999999751,-7.8299999999999885,-19.079999999999973,1.27,Left
54.81599999999751,-7.919999999999988,-19.079999999999973,1.27,Left
54.847999999997505,-8.00999999999999,-19.079999999999973,1.27,Left
54.8799999999975,-8.099999999999989,-19.079999999999973,1.27,Left
54.9119999999975,-8.189999999999989,-19.079999999999973,1.27,Left
54.943999999997494,-8.279999999999989,-19.079999999999973,1.27,Left
54.97599999999749,-8.369999999999989,-19.079999999999973,1.27,Left
55.00799999999749,-8.459999999999988,-19.079999999999973,1.27,Left
55.039999999997484,-8.549999999999988,-19.079999999999973,1.27,Left
55.07199999999748,-8.639999999999988,-19.079999999999973,1.27,Left
55.10399999999748,-8.729999999999988,-19.079999999999973,1.27,Left
55.13599999999747,-8.819999999999988,-19.079999999999973,1.27,Left
55.16799999999747,-8.909999999999988,-19.079999999999973,1.27,Left
55.199999999997466,-8.999999999999988,-19.079999999999973,1.27,Left
55.23199999999746,-9.089999999999987,-19.079999999999973,1.27,Left
55.26399999999746,-9.179999999999987,-19.079999999999973,1.27,Left
55.295999999997456,-9.269999999999987,-19.079999999999973,1.27,Left
55.32799999999745,-9.359999999999987,-19.079999999999973,1.27,Left
55.35999999999745,-9.449999999999987,-19.079999999999973,1.27,Left
55.391999999997445,-9.539999999999987,-19.079999999999973,1.27,Left
55.42399999999744,-9.629999999999987,-19.079999999999973,1.27,Left
55.45599999999744,-9.719999999999986,-19.079999999999973,1.27,Left
55.487999999997434,-9.809999999999986,-19.079999999999973,1.27,Left
55.51999999999743,-9.899999999999986,-19.079999999999973,1.27,Left
55.55199999999743,-9.989999999999986,-19.079999999999973,1.27,Left
55.583999999997424,-10.079999999999986,-19.079999999999973,1.27,Left
55.61599999999742,-10.169999999999986,-19.079999999999973,1.27,Left
55.64799999999742,-10.259999999999986,-19.079999999999973,1.27,Left
55.67999999999741,-10.349999999999985,-19.079999999999973,1.27,Left
55.71199999999741,-10.439999999999985,-19.079999999999973,1.27,Left
55.743999999997406,-10.529999999999985,-19.079999999999973,1.27,Left
55.7759999999974,-10.619999999999985,-19.079999999999973,1.27,Left
55.8079999999974,-10.709999999999985,-19.079999999999973,1.27,Left
55.839999999997396,-10.799999999999985,-19.079999999999973,1.27,Left
55.87199999999739,-10.889999999999985,-19.079999999999973,1.27,Left
55.90399999999739,-10.979999999999984,-19.079999999999973,1.27,Left
55.935999999997385,-11.069999999999984,-19.079999999999973,1.27,Left
55.96799999999738,-11.159999999999984,-19.079999999999973,1.27,Left
55.99999999999738,-11.249999999999984,-19.079999999999973,1.27,Left
56.031999999997375,-11.339999999999984,-19.079999999999973,1.27,Left
56.06399999999737,-11.429999999999984,-19.079999999999973,1.27,Left
56.09599999999737,-11.519999999999984,-19.079999999999973,1.27,Left
56.127999999997364,-11.609999999999983,-19.079999999999973,1.27,Left
56.15999999999736,-11.699999999999983,-19.079999999999973,1.27,Left
56.19199999999736,-11.789999999999983,-19.079999999999973,1.27,Left
56.22399999999735,-11.879999999999983,-19.079999999999973,1.27,Left
56.25599999999735,-11.969999999999983,-19.079999999999973,1.27,Left
56.287999999997346,-12.059999999999983,-19.079999999999973,1.27,Left
56.31999999999734,-12.149999999999983,-19.079999999999973,1.27,Left
56.35199999999734,-12.239999999999982,-19.079999999999973,1.27,Left
56.383999999997336,-12.329999999999982,-19.079999999999973,1.27,Left
56.41599999999733,-12.419999999999982,-19.079999999999973,1.27,Left
56.44799999999733,-12.509999999999982,-19.079999999999973,1.27,Left
56.479999999997325,-12.599999999999982,-19.079999999999973,1.27,Left
56.51199999999732,-12.689999999999982,-19.079999999999973,1.27,Left
56.54399999999732,-12.779999999999982,-19.079999999999973,1.27,Left
56.575999999997315,-12.779999999999982,-18.989999999999974,1.27,Up
56.60799999999731,-12.779999999999982,-18.899999999999974,1.27,Up
56.63999999999731,-12.779999999999982,-18.809999999999974,1.27,Up
56.671999999997304,-12.779999999999982,-18.719999999999974,1.27,Up
56.7039999999973,-12.779999999999982,-18.629999999999974,1.27,Up
56.7359999999973,-12.779999999999982,-18.539999999999974,1.27,Up
56.76799999999729,-12.779999999999982,-18.449999999999974,1.27,Up
56.79999999999729,-12.779999999999982,-18.359999999999975,1.27,Up
56.83199999999729,-12.779999999999982,-18.269999999999975,1.27,Up
56.86399999999728,-12.779999999999982,-18.179999999999975,1.27,Up
56.89599999999728,-12.779999999999982,-18.089999999999975,1.27,Up
56.927999999997276,-12.779999999999982,-17.999999999999975,1.27,Up
56.95999999999727,-12.779999999999982,-17.909999999999975,1.27,Up
56.99199999999727,-12.779999999999982,-17.819999999999975,1.27,Up
57.023999999997265,-12.779999999999982,-17.729999999999976,1.27,Up
57.05599999999726,-12.779999999999982,-17.639999999999976,1.27,Up
57.08799999999726,-12.779999999999982,-17.549999999999976,1.27,Up
57.119999999997255,-12.779999999999982,-17.459999999999976,1.27,Up
57.15199999999725,-12.779999999999982,-17.369999999999976,1.27,Up
57.18399999999725,-12.779999999999982,-17.279999999999976,1.27,Up
57.215999999997244,-12.779999999999982,-17.189999999999976,1.27,Up
57.24799999999724,-12.869999999999981,-17.189999999999976,1.27,Left
57.27999999999724,-12.959999999999981,-17.189999999999976,1.27,Left
57.311999999997234,-13.049999999999981,-17.189999999999976,1.27,Left
57.34399999999723,-13.139999999999981,-17.189999999999976,1.27,Left
57.37599999999723,-13.22999999999998,-17.189999999999976,1.27,Left
57.40799999999722,-13.31999999999998,-17.189999999999976,1.27,Left
57.43999999999722,-13.40999999999998,-17.189999999999976,1.27,Left
57.471999999997216,-13.49999999999998,-17.189999999999976,1.27,Left
57.50399999999721,-13.58999999999998,-17.189999999999976,1.27,Left
57.53599999999721,-13.67999999999998,-17.189999999999976,1.27,Left
57.567999999997205,-13.76999999999998,-17.189999999999976,1.27,Left
57.5999999999972,-13.85999999999998,-17.189999999999976,1.27,Left
57.6319999999972,-13.94999999999998,-17.189999999999976,1.27,Left
57.663999999997195,-14.03999999999998,-17.189999999999976,1.27,Left
57.69599999999719,-14.12999999999998,-17.189999999999976,1.27,Left
57.72799999999719,-14.21999999999998,-17.189999999999976,1.27,Left
57.759999999997184,-14.30999999999998,-17.189999999999976,1.27,Left
57.79199999999718,-14.399999999999979,-17.189999999999976,1.27,Left
57.82399999999718,-14.489999999999979,-17.189999999999976,1.27,Left
57.855999999997174,-14.579999999999979,-17.189999999999976,1.27,Left
57.88799999999717,-14.669999999999979,-17.189999999999976,1.27,Left
57.91999999999717,-14.759999999999978,-17.189999999999976,1.27,Left
57.95199999999716,-14.849999999999978,-17.189999999999976,1.27,Left
57.98399999999716,-14.939999999999978,-17.189999999999976,1.27,Left
58.015999999997156,-15.029999999999978,-17.189999999999976,1.27,Left
58.04799999999715,-15.119999999999978,-17.189999999999976,1.27,Left
58.07999999999715,-15.209999999999978,-17.189999999999976,1.27,Left
58.111999999997145,-15.299999999999978,-17.189999999999976,1.27,Left
58.14399999999714,-15.389999999999977,-17.189999999999976,1.27,Left
58.17599999999714,-15.479999999999977,-17.189999999999976,1.27,Left
58.207999999997135,-15.569999999999977,-17.189999999999976,1.27,Left
58.23999999999713,-15.659999999999977,-17.189999999999976,1.27,Left
58.27199999999713,-15.749999999999977,-17.189999999999976,1.27,Left
58.303999999997124,-15.839999999999977,-17.189999999999976,1.27,Left
58.33599999999712,-15.929999999999977,-17.189999999999976,1.27,Left
58.36799999999712,-16.01999999999998,-17.189999999999976,1.27,Left
58.399999999997114,-16.109999999999978,-17.189999999999976,1.27,Left
58.43199999999711,-16.199999999999978,-17.189999999999976,1.27,Left
58.46399999999711,-16.289999999999978,-17.189999999999976,1.27,Left
58.4959999999971,-16.289999999999978,-17.279999999999976,1.27,Down
58.5279999999971,-16.289999999999978,-17.369999999999976,1.27,Down
58.559999999997096,-16.289999999999978,-17.459999999999976,1.27,Down
58.59199999999709,-16.289999999999978,-17.549999999999976,1.27,Down
58.62399999999709,-16.289999999999978,-17.639999999999976,1.27,Down
58.655999999997086,-16.289999999999978,-17.729999999999976,1.27,Down
58.68799999999708,-16.289999999999978,-17.819999999999975,1.27,Down
58.71999999999708,-16.289999999999978,-17.909999999999975,1.27,Down
58.751999999997075,-16.289999999999978,-17.999999999999975,1.27,Down
58.78399999999707,-16.289999999999978,-18.089999999999975,1.27,Down
58.81599999999707,-16.289999999999978,-18.179999999999975,1.27,Down
58.847999999997064,-16.289999999999978,-18.269999999999975,1.27,Down
58.87999999999706,-16.289999999999978,-18.359999999999975,1.27,Down
58.91199999999706,-16.289999999999978,-18.449999999999974,1.27,Down
58.943999999997054,-16.289999999999978,-18.539999999999974,1.27,Down
58.97599999999705,-16.289999999999978,-18.629999999999974,1.27,Down
59.00799999999705,-16.289999999999978,-18.719999999999974,1.27,Down
59.03999999999704,-16.379999999999978,-18.719999999999974,1.27,Left
59.07199999999704,-16.469999999999978,-18.719999999999974,1.27,Left
59.103999999997036,-16.559999999999977,-18.719999999999974,1.27,Left
59.13599999999703,-16.649999999999977,-18.719999999999974,1.27,Left
59.16799999999703,-16.739999999999977,-18.719999999999974,1.27,Left
59.199999999997026,-16.829999999999977,-18.719999999999974,1.27,Left
59.23199999999702,-16.919999999999977,-18.719999999999974,1.27,Left
59.26399999999702,-17.009999999999977,-18.719999999999974,1.27,Left
59.295999999997015,-17.099999999999977,-18.719999999999974,1.27,Left
59.32799999999701,-17.189999999999976,-18.719999999999974,1.27,Left
59.35999999999701,-17.279999999999976,-18.719999999999974,1.27,Left
59.391999999997005,-17.369999999999976,-18.719999999999974,1.27,Left
59.423999999997,-17.459999999999976,-18.719999999999974,1.27,Left
59.455999999997,-17.549999999999976,-18.719999999999974,1.27,Left
59.487999999996994,-17.639999999999976,-18.719999999999974,1.27,Left
59.51999999999699,-17.639999999999976,-18.629999999999974,1.27,Up
59.55199999999699,-17.639999999999976,-18.539999999999974,1.27,Up
59.58399999999698,-17.639999999999976,-18.449999999999974,1.27,Up
59.61599999999698,-17.639999999999976,-18.359999999999975,1.27,Up
59.647999999996976,-17.639999999999976,-18.269999999999975,1.27,Up
59.67999999999697,-17.639999999999976,-18.179999999999975,1.27,Up
59.71199999999697,-17.639999999999976,-18.089999999999975,1.27,Up
59.743999999996966,-17.639999999999976,-17.999999999999975,1.27,Up
59.77599999999696,-17.639999999999976,-17.909999999999975,1.27,Up
59.80799999999696,-17.639999999999976,-17.819999999999975,1.27,Up
59.839999999996955,-17.639999999999976,-17.729999999999976,1.27,Up
59.87199999999695,-17.639999999999976,-17.639999999999976,1.27,Up
59.90399999999695,-17.639999999999976,-17.549999999999976,1.27,Up
59.935999999996945,-17.639999999999976,-17.459999999999976,1.27,Up
59.96799999999694,-17.639999999999976,-17.369999999999976,1.27,Up
59.99999999999694,-17.639999999999976,-17.279999999999976,1.27,Up
60.031999999996934,-17.639999999999976,-17.189999999999976,1.27,Up
60.06399999999693,-17.639999999999976,-17.099999999999977,1.27,Up
60.09599999999693,-17.639999999999976,-17.009999999999977,1.27,Up
60.12799999999692,-17.639999999999976,-16.919999999999977,1.27,Up
60.15999999999692,-17.639999999999976,-16.829999999999977,1.27,Up
60.191999999996916,-17.639999999999976,-16.739999999999977,1.27,Up
60.22399999999691,-17.639999999999976,-16.649999999999977,1.27,Up
60.25599999999691,-17.639999999999976,-16.559999999999977,1.27,Up
60.287999999996906,-17.639999999999976,-16.469999999999978,1.27,Up
60.3199999999969,-17.639999999999976,-16.379999999999978,1.27,Up
60.3519999999969,-17.639999999999976,-16.289999999999978,1.27,Up
60.383999999996895,-17.639999999999976,-16.199999999999978,1.27,Up
60.41599999999689,-17.639999999999976,-16.109999999999978,1.27,Up
60.44799999999689,-17.639999999999976,-16.01999999999998,1.27,Up
60.479999999996885,-17.639999999999976,-15.929999999999978,1.27,Up
60.51199999999688,-17.639999999999976,-15.839999999999979,1.27,Up
60.54399999999688,-17.639999999999976,-15.749999999999979,1.27,Up
60.575999999996874,-17.639999999999976,-15.659999999999979,1.27,Up
60.60799999999687,-17.639999999999976,-15.569999999999979,1.27,Up
60.63999999999687,-17.639999999999976,-15.479999999999979,1.27,Up
60.67199999999686,-17.639999999999976,-15.38999999999998,1.27,Up
60.70399999999686,-17.639999999999976,-15.29999999999998,1.27,Up
60.73599999999686,-17.639999999999976,-15.20999999999998,1.27,Up
60.76799999999685,-17.639999999999976,-15.11999999999998,1.27,Up
60.79999999999685,-17.639999999999976,-15.02999999999998,1.27,Up
60.831999999996846,-17.639999999999976,-14.93999999999998,1.27,Up
60.86399999999684,-17.639999999999976,-14.84999999999998,1.27,Up
60.89599999999684,-17.639999999999976,-14.75999999999998,1.27,Up
60.927999999996835,-17.639999999999976,-14.66999999999998,1.27,Up
60.95999999999683,-17.639999999999976,-14.57999999999998,1.27,Up
60.99199999999683,-17.639999999999976,-14.48999999999998,1.27,Up
61.023999999996825,-17.639999999999976,-14.39999999999998,1.27,Up
61.05599999999682,-17.639999999999976,-14.309999999999981,1.27,Up
61.08799999999682,-17.639999999999976,-14.219999999999981,1.27,Up
61.119999999996814,-17.639999999999976,-14.129999999999981,1.27,Up
61.15199999999681,-17.639999999999976,-14.039999999999981,1.27,Up
61.18399999999681,-17.639999999999976,-13.949999999999982,1.27,Up
61.215999999996804,-17.639999999999976,-13.859999999999982,1.27,Up
61.2479999999968,-17.729999999999976,-13.859999999999982,1.27,Left
61.2799999999968,-17.819999999999975,-13.859999999999982,1.27,Left
61.31199999999679,-17.909999999999975,-13.859999999999982,1.27,Left
61.34399999999679,-17.999999999999975,-13.859999999999982,1.27,Left
61.375999999996786,-18.089999999999975,-13.859999999999982,1.27,Left
61.40799999999678,-18.179999999999975,-13.859999999999982,1.27,Left
61.43999999999678,-18.269999999999975,-13.859999999999982,1.27,Left
61.471999999996775,-18.359999999999975,-13.859999999999982,1.27,Left
61.50399999999677,-18.449999999999974,-13.859999999999982,1.27,Left
61.53599999999677,-18.539999999999974,-13.859999999999982,1.27,Left
61.567999999996765,-18.629999999999974,-13.859999999999982,1.27,Left
61.59999999999676,-18.719999999999974,-13.859999999999982,1.27,Left
61.63199999999676,-18.809999999999974,-13.859999999999982,1.27,Left
61.663999999996754,-18.899999999999974,-13.859999999999982,1.27,Left
61.69599999999675,-18.989999999999974,-13.859999999999982,1.27,Left
61.72799999999675,-19.079999999999973,-13.859999999999982,1.27,Left
61.759999999996744,-19.169999999999973,-13.859999999999982,1.27,Left
61.79199999999674,-19.259999999999973,-13.859999999999982,1.27,Left
61.82399999999674,-19.349999999999973,-13.859999999999982,1.27,Left
61.85599999999673,-19.439999999999973,-13.859999999999982,1.27,Left
61.88799999999673,-19.529999999999973,-13.859999999999982,1.27,Left
61.919999999996726,-19.619999999999973,-13.859999999999982,1.27,Left
61.95199999999672,-19.709999999999972,-13.859999999999982,1.27,Left
61.98399999999672,-19.799999999999972,-13.859999999999982,1.27,Left
62.015999999996716,-19.889999999999972,-13.859999999999982,1.27,Left
62.04799999999671,-19.979999999999972,-13.859999999999982,1.27,Left
62.07999999999671,-20.069999999999972,-13.859999999999982,1.27,Left
62.111999999996705,-20.15999999999997,-13.859999999999982,1.27,Left
62.1439999999967,-20.24999999999997,-13.859999999999982,1.27,Left
62.1759999999967,-20.33999999999997,-13.859999999999982,1.27,Left
62.207999999996694,-20.42999999999997,-13.859999999999982,1.27,Left
62.23999999999669,-20.51999999999997,-13.859999999999982,1.27,Left
62.27199999999669,-20.60999999999997,-13.859999999999982,1.27,Left
62.303999999996684,-20.69999999999997,-13.859999999999982,1.27,Left
62.33599999999668,-20.78999999999997,-13.859999999999982,1.27,Left
62.36799999999668,-20.87999999999997,-13.859999999999982,1.27,Left
62.39999999999667,-20.96999999999997,-13.859999999999982,1.27,Left
62.43199999999667,-21.05999999999997,-13.859999999999982,1.27,Left
62.463999999996666,-21.14999999999997,-13.859999999999982,1.27,Left
62.49599999999666,-21.23999999999997,-13.859999999999982,1.27,Left
62.52799999999666,-21.32999999999997,-13.859999999999982,1.27,Left
62.559999999996656,-21.32999999999997,-13.859999999999982,1.27,Stationary
62.59199999999665,-21.32999999999997,-13.859999999999982,1.27,Stationary
62.62399999999665,-21.32999999999997,-13.859999999999982,1.27,Stationary
62.655999999996645,-21.32999999999997,-13.859999999999982,1.27,Stationary
62.68799999999664,-21.32999999999997,-13.859999999999982,1.27,Stationary
62.71999999999664,-21.32999999999997,-13.859999999999982,1.27,Stationary
62.751999999996634,-21.32999999999997,-13.949999999999982,1.27,Down
62.78399999999663,-21.32999999999997,-14.039999999999981,1.27,Down
62.81599999999663,-21.32999999999997,-14.129999999999981,1.27,Down
62.847999999996624,-21.32999999999997,-14.219999999999981,1.27,Down
62.87999999999662,-21.32999999999997,-14.309999999999981,1.27,Down
62.91199999999662,-21.32999999999997,-14.39999999999998,1.27,Down
62.94399999999661,-21.32999999999997,-14.48999999999998,1.27,Down
62.97599999999661,-21.32999999999997,-14.57999999999998,1.27,Down
63.007999999996606,-21.32999999999997,-14.66999999999998,1.27,Down
63.0399999999966,-21.32999999999997,-14.75999999999998,1.27,Down
63.0719999999966,-21.32999999999997,-14.84999999999998,1.27,Down
63.103999999996596,-21.32999999999997,-14.93999999999998,1.27,Down
63.13599999999659,-21.32999999999997,-15.02999999999998,1.27,Down
63.16799999999659,-21.32999999999997,-15.11999999999998,1.27,Down
63.199999999996585,-21.32999999999997,-15.20999999999998,1.27,Down
63.23199999999658,-21.32999999999997,-15.29999999999998,1.27,Down
63.26399999999658,-21.32999999999997,-15.38999999999998,1.27,Down
63.295999999996575,-21.32999999999997,-15.479999999999979,1.27,Down
63.32799999999657,-21.32999999999997,-15.569999999999979,1.27,Down
63.35999999999657,-21.32999999999997,-15.479999999999979,1.27,Up
63.391999999996564,-21.32999999999997,-15.38999999999998,1.27,Up
63.42399999999656,-21.32999999999997,-15.29999999999998,1.27,Up
63.45599999999656,-21.32999999999997,-15.20999999999998,1.27,Up
63.48799999999655,-21.32999999999997,-15.11999999999998,1.27,Up
63.51999999999655,-21.32999999999997,-15.02999999999998,1.27,Up
63.551999999996546,-21.32999999999997,-14.93999999999998,1.27,Up
63.58399999999654,-21.32999999999997,-14.84999999999998,1.27,Up
63.61599999999654,-21.32999999999997,-14.75999999999998,1.27,Up
63.647999999996536,-21.32999999999997,-14.66999999999998,1.27,Up
63.67999999999653,-21.32999999999997,-14.57999999999998,1.27,Up
63.71199999999653,-21.32999999999997,-14.48999999999998,1.27,Up
63.743999999996525,-21.32999999999997,-14.39999999999998,1.27,Up
63.77599999999652,-21.32999999999997,-14.309999999999981,1.27,Up
63.80799999999652,-21.32999999999997,-14.219999999999981,1.27,Up
63.839999999996515,-21.32999999999997,-14.129999999999981,1.27,Up
63.87199999999651,-21.32999999999997,-14.039999999999981,1.27,Up
63.90399999999651,-21.32999999999997,-13.949999999999982,1.27,Up
63.935999999996504,-21.32999999999997,-13.859999999999982,1.27,Up
63.9679999999965,-21.32999999999997,-13.769999999999982,1.27,Up
63.9999999999965,-21.32999999999997,-13.679999999999982,1.27,Up
64.0319999999965,-21.32999999999997,-13.589999999999982,1.27,Up
64.0639999999965,-21.32999999999997,-13.499999999999982,1.27,Up
64.0959999999965,-21.32999999999997,-13.409999999999982,1.27,Up
64.12799999999649,-21.32999999999997,-13.319999999999983,1.27,Up
64.15999999999649,-21.32999999999997,-13.229999999999983,1.27,Up
64.19199999999648,-21.32999999999997,-13.139999999999983,1.27,Up
64.22399999999648,-21.32999999999997,-13.049999999999983,1.27,Up
64.25599999999648,-21.32999999999997,-12.959999999999983,1.27,Up
64.28799999999647,-21.32999999999997,-12.869999999999983,1.27,Up
64.31999999999647,-21.32999999999997,-12.779999999999983,1.27,Up
64.35199999999647,-21.32999999999997,-12.689999999999984,1.27,Up
64.38399999999646,-21.32999999999997,-12.599999999999984,1.27,Up
64.41599999999646,-21.32999999999997,-12.509999999999984,1.27,Up
64.44799999999645,-21.32999999999997,-12.419999999999984,1.27,Up
64.47999999999645,-21.32999999999997,-12.329999999999984,1.27,Up
64.51199999999645,-21.32999999999997,-12.239999999999984,1.27,Up
64.54399999999644,-21.32999999999997,-12.149999999999984,1.27,Up
64.57599999999644,-21.32999999999997,-12.059999999999985,1.27,Up
64.60799999999644,-21.32999999999997,-11.969999999999985,1.27,Up
64.63999999999643,-21.32999999999997,-11.879999999999985,1.27,Up
64.67199999999643,-21.32999999999997,-11.789999999999985,1.27,Up
64.70399999999643,-21.32999999999997,-11.699999999999985,1.27,Up
64.73599999999642,-21.32999999999997,-11.609999999999985,1.27,Up
64.76799999999642,-21.32999999999997,-11.519999999999985,1.27,Up
64.79999999999642,-21.32999999999997,-11.429999999999986,1.27,Up
64.83199999999641,-21.32999999999997,-11.339999999999986,1.27,Up
64.86399999999641,-21.32999999999997,-11.249999999999986,1.27,Up
64.8959999999964,-21.32999999999997,-11.159999999999986,1.27,Up
64.9279999999964,-21.32999999999997,-11.069999999999986,1.27,Up
64.9599999999964,-21.32999999999997,-10.979999999999986,1.27,Up
64.9919999999964,-21.32999999999997,-10.889999999999986,1.27,Up
65.02399999999639,-21.32999999999997,-10.799999999999986,1.27,Up
65.05599999999639,-21.32999999999997,-10.709999999999987,1.27,Up
65.08799999999638,-21.32999999999997,-10.619999999999987,1.27,Up
65.11999999999638,-21.32999999999997,-10.529999999999987,1.27,Up
65.15199999999638,-21.32999999999997,-10.439999999999987,1.27,Up
65.18399999999637,-21.32999999999997,-10.349999999999987,1.27,Up
65.21599999999637,-21.32999999999997,-10.259999999999987,1.27,Up
65.24799999999637,-21.32999999999997,-10.169999999999987,1.27,Up
65.27999999999636,-21.32999999999997,-10.079999999999988,1.27,Up
65.31199999999636,-21.32999999999997,-9.989999999999988,1.27,Up
65.34399999999636,-21.32999999999997,-9.899999999999988,1.27,Up
65.37599999999635,-21.32999999999997,-9.809999999999988,1.27,Up
65.40799999999635,-21.32999999999997,-9.719999999999988,1.27,Up
65.43999999999635,-21.32999999999997,-9.629999999999988,1.27,Up
65.47199999999634,-21.32999999999997,-9.539999999999988,1.27,Up
65.50399999999634,-21.32999999999997,-9.449999999999989,1.27,Up
65.53599999999633,-21.32999999999997,-9.359999999999989,1.27,Up
65.56799999999633,-21.32999999999997,-9.269999999999989,1.27,Up
65.59999999999633,-21.32999999999997,-9.179999999999989,1.27,Up
65.63199999999632,-21.32999999999997,-9.08999999999999,1.27,Up
65.66399999999632,-21.32999999999997,-8.99999999999999,1.27,Up
65.69599999999632,-21.32999999999997,-8.90999999999999,1.27,Up
65.72799999999631,-21.32999999999997,-8.81999999999999,1.27,Up
65.75999999999631,-21.32999999999997,-8.72999999999999,1.27,Up
65.7919999999963,-21.32999999999997,-8.63999999999999,1.27,Up
65.8239999999963,-21.32999999999997,-8.54999999999999,1.27,Up
65.8559999999963,-21.32999999999997,-8.45999999999999,1.27,Up
65.8879999999963,-21.32999999999997,-8.36999999999999,1.27,Up
65.91999999999629,-21.32999999999997,-8.27999999999999,1.27,Up
65.95199999999629,-21.32999999999997,-8.18999999999999,1.27,Up
65.98399999999629,-21.32999999999997,-8.09999999999999,1.27,Up
66.01599999999628,-21.32999999999997,-8.009999999999991,1.27,Up
66.04799999999628,-21.32999999999997,-7.919999999999991,1.27,Up
66.07999999999628,-21.32999999999997,-7.829999999999991,1.27,Up
66.11199999999627,-21.32999999999997,-7.739999999999991,1.27,Up
66.14399999999627,-21.32999999999997,-7.6499999999999915,1.27,Up
66.17599999999626,-21.32999999999997,-7.559999999999992,1.27,Up
66.20799999999626,-21.32999999999997,-7.469999999999992,1.27,Up
66.23999999999626,-21.32999999999997,-7.379999999999992,1.27,Up
66.27199999999625,-21.32999999999997,-7.289999999999992,1.27,Up
66.30399999999625,-21.32999999999997,-7.199999999999992,1.27,Up
66.33599999999625,-21.32999999999997,-7.109999999999992,1.27,Up
66.36799999999624,-21.32999999999997,-7.0199999999999925,1.27,Up
66.39999999999624,-21.32999999999997,-6.929999999999993,1.27,Up
66.43199999999624,-21.32999999999997,-6.839999999999993,1.27,Up
66.46399999999623,-21.32999999999997,-6.749999999999993,1.27,Up
66.49599999999623,-21.32999999999997,-6.659999999999993,1.27,Up
66.52799999999623,-21.32999999999997,-6.569999999999993,1.27,Up
66.55999999999622,-21.32999999999997,-6.479999999999993,1.27,Up
66.59199999999622,-21.32999999999997,-6.3899999999999935,1.27,Up
66.62399999999622,-21.32999999999997,-6.299999999999994,1.27,Up
66.65599999999621,-21.32999999999997,-6.209999999999994,1.27,Up
66.68799999999621,-21.32999999999997,-6.119999999999994,1.27,Up
66.7199999999962,-21.32999999999997,-6.029999999999994,1.27,Up
66.7519999999962,-21.32999999999997,-5.939999999999994,1.27,Up
66.7839999999962,-21.32999999999997,-5.849999999999994,1.27,Up
66.8159999999962,-21.32999999999997,-5.7599999999999945,1.27,Up
66.84799999999619,-21.32999999999997,-5.669999999999995,1.27,Up
66.87999999999619,-21.32999999999997,-5.579999999999995,1.27,Up
66.91199999999618,-21.32999999999997,-5.489999999999995,1.27,Up
66.94399999999618,-21.32999999999997,-5.399999999999995,1.27,Up
66.97599999999618,-21.32999999999997,-5.309999999999995,1.27,Up
67.00799999999617,-21.32999999999997,-5.219999999999995,1.27,Up
67.03999999999617,-21.32999999999997,-5.1299999999999955,1.27,Up
67.07199999999617,-21.32999999999997,-5.039999999999996,1.27,Up
67.10399999999616,-21.32999999999997,-4.949999999999996,1.27,Up
67.13599999999616,-21.32999999999997,-4.859999999999996,1.27,Up
67.16799999999616,-21.32999999999997,-4.769999999999996,1.27,Up
67.19999999999615,-21.32999999999997,-4.679999999999996,1.27,Up
67.23199999999615,-21.32999999999997,-4.589999999999996,1.27,Up
67.26399999999614,-21.32999999999997,-4.4999999999999964,1.27,Up
67.29599999999614,-21.32999999999997,-4.409999999999997,1.27,Up
67.32799999999614,-21.32999999999997,-4.319999999999997,1.27,Up
67.35999999999613,-21.32999999999997,-4.229999999999997,1.27,Up
67.39199999999613,-21.32999999999997,-4.139999999999997,1.27,Up
67.42399999999613,-21.32999999999997,-4.049999999999997,1.27,Up
67.45599999999612,-21.32999999999997,-3.9599999999999973,1.27,Up
67.48799999999612,-21.32999999999997,-3.8699999999999974,1.27,Up
67.51999999999612,-21.32999999999997,-3.7799999999999976,1.27,Up
67.55199999999611,-21.32999999999997,-3.6899999999999977,1.27,Up
67.58399999999611,-21.32999999999997,-3.599999999999998,1.27,Up
67.6159999999961,-21.32999999999997,-3.509999999999998,1.27,Up
67.6479999999961,-21.32999999999997,-3.419999999999998,1.27,Up
67.6799999999961,-21.32999999999997,-3.3299999999999983,1.27,Up
67.7119999999961,-21.32999999999997,-3.2399999999999984,1.27,Up
67.74399999999609,-21.32999999999997,-3.1499999999999986,1.27,Up
67.77599999999609,-21.32999999999997,-3.0599999999999987,1.27,Up
67.80799999999608,-21.32999999999997,-2.969999999999999,1.27,Up
67.83999999999608,-21.32999999999997,-2.879999999999999,1.27,Up
67.87199999999608,-21.32999999999997,-2.789999999999999,1.27,Up
67.90399999999607,-21.32999999999997,-2.6999999999999993,1.27,Up
67.93599999999607,-21.32999999999997,-2.6099999999999994,1.27,Up
67.96799999999607,-21.32999999999997,-2.5199999999999996,1.27,Up
67.99999999999606,-21.32999999999997,-2.4299999999999997,1.27,Up
68.03199999999606,-21.32999999999997,-2.34,1.27,Up
68.06399999999606,-21.32999999999997,-2.25,1.27,Up
68.09599999999605,-21.32999999999997,-2.16,1.27,Up
68.12799999999605,-21.32999999999997,-2.0700000000000003,1.27,Up
68.15999999999605,-21.32999999999997,-1.9800000000000002,1.27,Up
68.19199999999604,-21.32999999999997,-1.8900000000000001,1.27,Up
68.22399999999604,-21.32999999999997,-1.8,1.27,Up
68.25599999999604,-21.32999999999997,-1.71,1.27,Up
68.28799999999603,-21.32999999999997,-1.6199999999999999,1.27,Up
68.31999999999603,-21.32999999999997,-1.5299999999999998,1.27,Up
68.35199999999602,-21.32999999999997,-1.4399999999999997,1.27,Up
68.38399999999602,-21.32999999999997,-1.3499999999999996,1.27,Up
68.41599999999602,-21.32999999999997,-1.2599999999999996,1.27,Up
68.44799999999601,-21.32999999999997,-1.1699999999999995,1.27,Up
68.47999999999601,-21.32999999999997,-1.0799999999999994,1.27,Up
68.51199999999601,-21.32999999999997,-0.9899999999999994,1.27,Up
68.543999999996,-21.32999999999997,-0.8999999999999995,1.27,Up
68.575999999996,-21.32999999999997,-0.8099999999999995,1.27,Up
68.607999999996,-21.32999999999997,-0.7199999999999995,1.27,Up
68.639999999996,-21.32999999999997,-0.6299999999999996,1.27,Up
68.67199999999599,-21.32999999999997,-0.5399999999999996,1.27,Up
68.70399999999599,-21.32999999999997,-0.4499999999999996,1.27,Up
68.73599999999598,-21.32999999999997,-0.35999999999999965,1.27,Up
68.76799999999598,-21.32999999999997,-0.2699999999999997,1.27,Up
68.79999999999598,-21.32999999999997,-0.1799999999999997,1.27,Up
68.83199999999597,-21.32999999999997,-0.08999999999999969,1.27,Up
68.86399999999597,-21.32999999999997,3.0531133177191805e-16,1.27,Up
68.89599999999596,-21.32999999999997,0.0900000000000003,1.27,Up
68.92799999999596,-21.32999999999997,0.1800000000000003,1.27,Up
68.95999999999596,-21.32999999999997,0.2700000000000003,1.27,Up
68.99199999999595,-21.32999999999997,0.3600000000000003,1.27,Up
69.02399999999595,-21.32999999999997,0.4500000000000003,1.27,Up
69.05599999999595,-21.32999999999997,0.5400000000000003,1.27,Up
69.08799999999594,-21.32999999999997,0.6300000000000002,1.27,Up
69.11999999999594,-21.32999999999997,0.7200000000000002,1.27,Up
69.15199999999594,-21.32999999999997,0.8100000000000002,1.27,Up
69.18399999999593,-21.32999999999997,0.9000000000000001,1.27,Up
69.21599999999593,-21.32999999999997,0.9900000000000001,1.27,Up
69.24799999999593,-21.32999999999997,1.08,1.27,Up
69.27999999999592,-21.32999999999997,1.1700000000000002,1.27,Up
69.31199999999592,-21.32999999999997,1.2600000000000002,1.27,Up
69.34399999999592,-21.32999999999997,1.3500000000000003,1.27,Up
69.37599999999591,-21.32999999999997,1.4400000000000004,1.27,Up
69.40799999999591,-21.32999999999997,1.5300000000000005,1.27,Up
69.4399999999959,-21.32999999999997,1.6200000000000006,1.27,Up
69.4719999999959,-21.32999999999997,1.7100000000000006,1.27,Up
69.5039999999959,-21.32999999999997,1.8000000000000007,1.27,Up
69.5359999999959,-21.32999999999997,1.8900000000000008,1.27,Up
69.56799999999589,-21.32999999999997,1.9800000000000009,1.27,Up
69.59999999999589,-21.32999999999997,2.0700000000000007,1.27,Up
69.63199999999588,-21.32999999999997,2.1600000000000006,1.27,Up
69.66399999999588,-21.32999999999997,2.2500000000000004,1.27,Up
69.69599999999588,-21.32999999999997,2.3400000000000003,1.27,Up
69.72799999999587,-21.32999999999997,2.43,1.27,Up
69.75999999999587,-21.32999999999997,2.52,1.27,Up
69.79199999999587,-21.32999999999997,2.61,1.27,Up
69.82399999999586,-21.32999999999997,2.6999999999999997,1.27,Up
69.85599999999586,-21.32999999999997,2.7899999999999996,1.27,Up
69.88799999999586,-21.32999999999997,2.8799999999999994,1.27,Up
69.91999999999585,-21.32999999999997,2.9699999999999993,1.27,Up
69.95199999999585,-21.32999999999997,3.059999999999999,1.27,Up
69.98399999999585,-21.32999999999997,3.149999999999999,1.27,Up
70.01599999999584,-21.32999999999997,3.239999999999999,1.27,Up
70.04799999999584,-21.32999999999997,3.3299999999999987,1.27,Up
70.07999999999583,-21.32999999999997,3.4199999999999986,1.27,Up
70.11199999999583,-21.32999999999997,3.5099999999999985,1.27,Up
70.14399999999583,-21.32999999999997,3.5999999999999983,1.27,Up
70.17599999999582,-21.32999999999997,3.689999999999998,1.27,Up
70.20799999999582,-21.32999999999997,3.779999999999998,1.27,Up
70.23999999999582,-21.32999999999997,3.869999999999998,1.27,Up
70.27199999999581,-21.32999999999997,3.9599999999999977,1.27,Up
70.30399999999581,-21.32999999999997,4.049999999999998,1.27,Up
70.3359999999958,-21.32999999999997,4.139999999999998,1.27,Up
70.3679999999958,-21.32999999999997,4.229999999999998,1.27,Up
70.3999999999958,-21.32999999999997,4.319999999999998,1.27,Up
70.4319999999958,-21.32999999999997,4.4099999999999975,1.27,Up
70.46399999999579,-21.32999999999997,4.499999999999997,1.27,Up
70.49599999999579,-21.32999999999997,4.589999999999997,1.27,Up
70.52799999999579,-21.32999999999997,4.679999999999997,1.27,Up
70.55999999999578,-21.32999999999997,4.769999999999997,1.27,Up
70.59199999999578,-21.32999999999997,4.859999999999997,1.27,Up
70.62399999999577,-21.32999999999997,4.949999999999997,1.27,Up
70.65599999999577,-21.32999999999997,5.0399999999999965,1.27,Up
70.68799999999577,-21.32999999999997,5.129999999999996,1.27,Up
70.71999999999576,-21.32999999999997,5.219999999999996,1.27,Up
70.75199999999576,-21.32999999999997,5.309999999999996,1.27,Up
70.78399999999576,-21.32999999999997,5.399999999999996,1.27,Up
70.81599999999575,-21.32999999999997,5.489999999999996,1.27,Up
70.84799999999575,-21.32999999999997,5.579999999999996,1.27,Up
70.87999999999575,-21.32999999999997,5.6699999999999955,1.27,Up
70.91199999999574,-21.32999999999997,5.759999999999995,1.27,Up
70.94399999999574,-21.32999999999997,5.849999999999995,1.27,Up
70.97599999999574,-21.32999999999997,5.939999999999995,1.27,Up
71.00799999999573,-21.32999999999997,6.029999999999995,1.27,Up
71.03999999999573,-21.32999999999997,6.119999999999995,1.27,Up
71.07199999999573,-21.32999999999997,6.209999999999995,1.27,Up
71.10399999999572,-21.32999999999997,6.2999999999999945,1.27,Up
71.13599999999572,-21.32999999999997,6.389999999999994,1.27,Up
71.16799999999571,-21.32999999999997,6.479999999999994,1.27,Up
71.19999999999571,-21.32999999999997,6.569999999999994,1.27,Up
71.23199999999571,-21.32999999999997,6.659999999999994,1.27,Up
71.2639999999957,-21.32999999999997,6.749999999999994,1.27,Up
71.2959999999957,-21.32999999999997,6.839999999999994,1.27,Up
71.3279999999957,-21.32999999999997,6.9299999999999935,1.27,Up
71.3599999999957,-21.32999999999997,7.019999999999993,1.27,Up
71.39199999999569,-21.32999999999997,7.109999999999993,1.27,Up
71.42399999999569,-21.32999999999997,7.199999999999993,1.27,Up
71.45599999999568,-21.32999999999997,7.289999999999993,1.27,Up
71.48799999999568,-21.32999999999997,7.379999999999993,1.27,Up
71.51999999999568,-21.32999999999997,7.469999999999993,1.27,Up
71.55199999999567,-21.32999999999997,7.5599999999999925,1.27,Up
71.58399999999567,-21.32999999999997,7.649999999999992,1.27,Up
71.61599999999567,-21.32999999999997,7.739999999999992,1.27,Up
71.64799999999566,-21.32999999999997,7.829999999999992,1.27,Up
71.67999999999566,-21.32999999999997,7.919999999999992,1.27,Up
71.71199999999565,-21.32999999999997,8.009999999999993,1.27,Up
71.74399999999565,-21.32999999999997,8.099999999999993,1.27,Up
71.77599999999565,-21.32999999999997,8.189999999999992,1.27,Up
71.80799999999564,-21.32999999999997,8.279999999999992,1.27,Up
71.83999999999564,-21.32999999999997,8.369999999999992,1.27,Up
71.87199999999564,-21.32999999999997,8.459999999999992,1.27,Up
71.90399999999563,-21.32999999999997,8.549999999999992,1.27,Up
71.93599999999563,-21.32999999999997,8.639999999999992,1.27,Up
71.96799999999563,-21.32999999999997,8.729999999999992,1.27,Up
71.99999999999562,-21.32999999999997,8.819999999999991,1.27,Up
72.03199999999562,-21.32999999999997,8.909999999999991,1.27,Up
72.06399999999562,-21.32999999999997,8.999999999999991,1.27,Up
72.09599999999561,-21.32999999999997,9.089999999999991,1.27,Up
72.12799999999561,-21.32999999999997,9.17999999999999,1.27,Up
72.1599999999956,-21.32999999999997,9.26999999999999,1.27,Up
72.1919999999956,-21.32999999999997,9.35999999999999,1.27,Up
72.2239999999956,-21.32999999999997,9.44999999999999,1.27,Up
72.2559999999956,-21.32999999999997,9.53999999999999,1.27,Up
72.28799999999559,-21.32999999999997,9.62999999999999,1.27,Up
72.31999999999559,-21.32999999999997,9.71999999999999,1.27,Up
72.35199999999558,-21.32999999999997,9.80999999999999,1.27,Up
72.38399999999558,-21.32999999999997,9.89999999999999,1.27,Up
72.41599999999558,-21.32999999999997,9.98999999999999,1.27,Up
72.44799999999557,-21.32999999999997,10.07999999999999,1.27,Up
72.47999999999557,-21.32999999999997,10.16999999999999,1.27,Up
72.51199999999557,-21.32999999999997,10.25999999999999,1.27,Up
72.54399999999556,-21.32999999999997,10.349999999999989,1.27,Up
72.57599999999556,-21.32999999999997,10.439999999999989,1.27,Up
72.60799999999556,-21.32999999999997,10.529999999999989,1.27,Up
72.63999999999555,-21.32999999999997,10.619999999999989,1.27,Up
72.67199999999555,-21.32999999999997,10.709999999999988,1.27,Up
72.70399999999555,-21.32999999999997,10.799999999999988,1.27,Up
72.73599999999554,-21.32999999999997,10.889999999999988,1.27,Up
72.76799999999554,-21.32999999999997,10.979999999999988,1.27,Up
72.79999999999553,-21.32999999999997,11.069999999999988,1.27,Up
72.83199999999553,-21.32999999999997,11.159999999999988,1.27,Up
72.86399999999553,-21.32999999999997,11.249999999999988,1.27,Up
72.89599999999552,-21.32999999999997,11.339999999999987,1.27,Up
72.92799999999552,-21.32999999999997,11.429999999999987,1.27,Up
72.95999999999552,-21.32999999999997,11.519999999999987,1.27,Up
72.99199999999551,-21.32999999999997,11.609999999999987,1.27,Up
73.02399999999551,-21.32999999999997,11.699999999999987,1.27,Up
73.0559999999955,-21.32999999999997,11.789999999999987,1.27,Up
73.0879999999955,-21.32999999999997,11.879999999999987,1.27,Up
73.1199999999955,-21.32999999999997,11.969999999999986,1.27,Up
73.1519999999955,-21.32999999999997,12.059999999999986,1.27,Up
73.18399999999549,-21.32999999999997,12.149999999999986,1.27,Up
73.21599999999549,-21.32999999999997,12.239999999999986,1.27,Up
73.24799999999549,-21.32999999999997,12.329999999999986,1.27,Up
73.27999999999548,-21.32999999999997,12.419999999999986,1.27,Up
73.31199999999548,-21.32999999999997,12.509999999999986,1.27,Up
73.34399999999548,-21.32999999999997,12.599999999999985,1.27,Up
73.37599999999547,-21.32999999999997,12.689999999999985,1.27,Up
73.40799999999547,-21.32999999999997,12.779999999999985,1.27,Up
73.43999999999546,-21.32999999999997,12.869999999999985,1.27,Up
73.47199999999546,-21.32999999999997,12.959999999999985,1.27,Up
73.50399999999546,-21.32999999999997,13.049999999999985,1.27,Up
73.53599999999545,-21.32999999999997,13.139999999999985,1.27,Up
73.56799999999545,-21.32999999999997,13.229999999999984,1.27,Up
73.59999999999545,-21.32999999999997,13.319999999999984,1.27,Up
73.63199999999544,-21.32999999999997,13.409999999999984,1.27,Up
73.66399999999544,-21.32999999999997,13.499999999999984,1.27,Up
73.69599999999544,-21.32999999999997,13.589999999999984,1.27,Up
73.72799999999543,-21.32999999999997,13.589999999999984,1.27,Stationary
73.75999999999543,-21.32999999999997,13.589999999999984,1.27,Stationary
73.79199999999543,-21.32999999999997,13.589999999999984,1.27,Stationary
73.82399999999542,-21.32999999999997,13.589999999999984,1.27,Stationary
73.85599999999542,-21.32999999999997,13.589999999999984,1.27,Stationary
73.88799999999542,-21.32999999999997,13.589999999999984,1.27,Stationary
73.91999999999541,-21.32999999999997,13.589999999999984,1.27,Stationary
73.95199999999541,-21.32999999999997,13.589999999999984,1.27,Stationary
73.9839999999954,-21.32999999999997,13.589999999999984,1.27,Stationary
74.0159999999954,-21.32999999999997,13.589999999999984,1.27,Stationary
74.0479999999954,-21.32999999999997,13.589999999999984,1.27,Stationary
74.0799999999954,-21.32999999999997,13.589999999999984,1.27,Stationary
74.11199999999539,-21.32999999999997,13.589999999999984,1.27,Stationary
74.14399999999539,-21.32999999999997,13.589999999999984,1.27,Stationary
74.17599999999538,-21.32999999999997,13.589999999999984,1.27,Stationary
74.20799999999538,-21.32999999999997,13.589999999999984,1.27,Stationary
74.23999999999538,-21.32999999999997,13.589999999999984,1.27,Stationary
74.27199999999537,-21.32999999999997,13.589999999999984,1.27,Stationary
74.30399999999537,-21.32999999999997,13.589999999999984,1.27,Stationary
74.33599999999537,-21.32999999999997,13.589999999999984,1.27,Stationary
74.36799999999536,-21.32999999999997,13.589999999999984,1.27,Stationary
74.39999999999536,-21.23999999999997,13.589999999999984,1.27,Right
74.43199999999536,-21.14999999999997,13.589999999999984,1.27,Right
74.46399999999535,-21.05999999999997,13.589999999999984,1.27,Right
74.49599999999535,-20.96999999999997,13.589999999999984,1.27,Right
74.52799999999534,-20.87999999999997,13.589999999999984,1.27,Right
74.55999999999534,-20.78999999999997,13.589999999999984,1.27,Right
74.59199999999534,-20.69999999999997,13.589999999999984,1.27,Right
74.62399999999533,-20.60999999999997,13.589999999999984,1.27,Right
74.65599999999533,-20.51999999999997,13.589999999999984,1.27,Right
74.68799999999533,-20.42999999999997,13.589999999999984,1.27,Right
74.71999999999532,-20.33999999999997,13.589999999999984,1.27,Right
74.75199999999532,-20.24999999999997,13.589999999999984,1.27,Right
74.78399999999532,-20.15999999999997,13.589999999999984,1.27,Right
74.81599999999531,-20.069999999999972,13.589999999999984,1.27,Right
74.84799999999531,-19.979999999999972,13.589999999999984,1.27,Right
74.8799999999953,-19.889999999999972,13.589999999999984,1.27,Right
74.9119999999953,-19.799999999999972,13.589999999999984,1.27,Right
74.9439999999953,-19.709999999999972,13.589999999999984,1.27,Right
74.9759999999953,-19.619999999999973,13.589999999999984,1.27,Right
75.00799999999529,-19.529999999999973,13.589999999999984,1.27,Right
75.03999999999529,-19.439999999999973,13.589999999999984,1.27,Right
75.07199999999528,-19.349999999999973,13.589999999999984,1.27,Right
75.10399999999528,-19.259999999999973,13.589999999999984,1.27,Right
75.13599999999528,-19.169999999999973,13.589999999999984,1.27,Right
75.16799999999527,-19.079999999999973,13.589999999999984,1.27,Right
75.19999999999527,-18.989999999999974,13.589999999999984,1.27,Right
75.23199999999527,-18.899999999999974,13.589999999999984,1.27,Right
75.26399999999526,-18.809999999999974,13.589999999999984,1.27,Right
75.29599999999526,-18.719999999999974,13.589999999999984,1.27,Right
75.32799999999526,-18.629999999999974,13.589999999999984,1.27,Right
75.35999999999525,-18.539999999999974,13.589999999999984,1.27,Right
75.39199999999525,-18.449999999999974,13.589999999999984,1.27,Right
75.42399999999525,-18.359999999999975,13.589999999999984,1.27,Right
75.45599999999524,-18.269999999999975,13.589999999999984,1.27,Right
75.48799999999524,-18.179999999999975,13.589999999999984,1.27,Right
75.51999999999524,-18.089999999999975,13.589999999999984,1.27,Right
75.55199999999523,-17.999999999999975,13.589999999999984,1.27,Right
75.58399999999523,-17.909999999999975,13.589999999999984,1.27,Right
75.61599999999522,-17.819999999999975,13.589999999999984,1.27,Right
75.64799999999522,-17.729999999999976,13.589999999999984,1.27,Right
75.67999999999522,-17.639999999999976,13.589999999999984,1.27,Right
75.71199999999521,-17.549999999999976,13.589999999999984,1.27,Right
75.74399999999521,-17.459999999999976,13.589999999999984,1.27,Right
75.77599999999521,-17.369999999999976,13.589999999999984,1.27,Right
75.8079999999952,-17.279999999999976,13.589999999999984,1.27,Right
75.8399999999952,-17.189999999999976,13.589999999999984,1.27,Right
75.8719999999952,-17.099999999999977,13.589999999999984,1.27,Right
75.9039999999952,-17.009999999999977,13.589999999999984,1.27,Right
75.93599999999519,-16.919999999999977,13.589999999999984,1.27,Right
75.96799999999519,-16.829999999999977,13.589999999999984,1.27,Right
75.99999999999518,-16.739999999999977,13.589999999999984,1.27,Right
76.03199999999518,-16.649999999999977,13.589999999999984,1.27,Right
76.06399999999518,-16.559999999999977,13.589999999999984,1.27,Right
76.09599999999517,-16.469999999999978,13.589999999999984,1.27,Right
76.12799999999517,-16.379999999999978,13.589999999999984,1.27,Right
76.15999999999516,-16.289999999999978,13.589999999999984,1.27,Right
76.19199999999516,-16.199999999999978,13.589999999999984,1.27,Right
76.22399999999516,-16.109999999999978,13.589999999999984,1.27,Right
76.25599999999515,-16.01999999999998,13.589999999999984,1.27,Right
76.28799999999515,-15.929999999999978,13.589999999999984,1.27,Right
76.31999999999515,-15.839999999999979,13.589999999999984,1.27,Right
76.35199999999514,-15.749999999999979,13.589999999999984,1.27,Right
76.38399999999514,-15.659999999999979,13.589999999999984,1.27,Right
76.41599999999514,-15.569999999999979,13.589999999999984,1.27,Right
76.44799999999513,-15.479999999999979,13.589999999999984,1.27,Right
76.47999999999513,-15.38999999999998,13.589999999999984,1.27,Right
76.51199999999513,-15.29999999999998,13.589999999999984,1.27,Right
76.54399999999512,-15.20999999999998,13.589999999999984,1.27,Right
76.57599999999512,-15.11999999999998,13.589999999999984,1.27,Right
76.60799999999512,-15.02999999999998,13.589999999999984,1.27,Right
76.63999999999511,-14.93999999999998,13.589999999999984,1.27,Right
76.67199999999511,-14.84999999999998,13.589999999999984,1.27,Right
76.7039999999951,-14.75999999999998,13.589999999999984,1.27,Right
76.7359999999951,-14.66999999999998,13.589999999999984,1.27,Right
76.7679999999951,-14.57999999999998,13.589999999999984,1.27,Right
76.7999999999951,-14.48999999999998,13.589999999999984,1.27,Right
76.83199999999509,-14.39999999999998,13.589999999999984,1.27,Right
76.86399999999509,-14.309999999999981,13.589999999999984,1.27,Right
76.89599999999508,-14.219999999999981,13.589999999999984,1.27,Right
76.92799999999508,-14.129999999999981,13.589999999999984,1.27,Right
76.95999999999508,-14.039999999999981,13.589999999999984,1.27,Right
76.99199999999507,-13.949999999999982,13.589999999999984,1.27,Right
77.02399999999507,-13.859999999999982,13.589999999999984,1.27,Right
77.05599999999507,-13.769999999999982,13.589999999999984,1.27,Right
77.08799999999506,-13.679999999999982,13.589999999999984,1.27,Right
77.11999999999506,-13.589999999999982,13.589999999999984,1.27,Right
77.15199999999506,-13.499999999999982,13.589999999999984,1.27,Right
77.18399999999505,-13.409999999999982,13.589999999999984,1.27,Right
77.21599999999505,-13.319999999999983,13.589999999999984,1.27,Right
77.24799999999505,-13.229999999999983,13.589999999999984,1.27,Right
77.27999999999504,-13.139999999999983,13.589999999999984,1.27,Right
77.31199999999504,-13.049999999999983,13.589999999999984,1.27,Right
77.34399999999503,-12.959999999999983,13.589999999999984,1.27,Right
77.37599999999503,-12.869999999999983,13.589999999999984,1.27,Right
77.40799999999503,-12.779999999999983,13.589999999999984,1.27,Right
77.43999999999502,-12.689999999999984,13.589999999999984,1.27,Right
77.47199999999502,-12.599999999999984,13.589999999999984,1.27,Right
77.50399999999502,-12.509999999999984,13.589999999999984,1.27,Right
77.53599999999501,-12.419999999999984,13.589999999999984,1.27,Right
77.56799999999501,-12.329999999999984,13.589999999999984,1.27,Right
77.599999999995,-12.239999999999984,13.589999999999984,1.27,Right
77.631999999995,-12.149999999999984,13.589999999999984,1.27,Right
77.663999999995,-12.059999999999985,13.589999999999984,1.27,Right
77.695999999995,-11.969999999999985,13.589999999999984,1.27,Right
77.72799999999499,-11.879999999999985,13.589999999999984,1.27,Right
77.75999999999499,-11.789999999999985,13.589999999999984,1.27,Right
77.79199999999499,-11.699999999999985,13.589999999999984,1.27,Right
77.82399999999498,-11.609999999999985,13.589999999999984,1.27,Right
77.85599999999498,-11.519999999999985,13.589999999999984,1.27,Right
77.88799999999497,-11.429999999999986,13.589999999999984,1.27,Right
77.91999999999497,-11.339999999999986,13.589999999999984,1.27,Right
77.95199999999497,-11.249999999999986,13.589999999999984,1.27,Right
77.98399999999496,-11.159999999999986,13.589999999999984,1.27,Right
78.01599999999496,-11.069999999999986,13.589999999999984,1.27,Right
78.04799999999496,-10.979999999999986,13.589999999999984,1.27,Right
78.07999999999495,-10.889999999999986,13.589999999999984,1.27,Right
78.11199999999495,-10.799999999999986,13.589999999999984,1.27,Right
78.14399999999495,-10.709999999999987,13.589999999999984,1.27,Right
78.17599999999494,-10.619999999999987,13.589999999999984,1.27,Right
78.20799999999494,-10.529999999999987,13.589999999999984,1.27,Right
78.23999999999494,-10.439999999999987,13.589999999999984,1.27,Right
78.27199999999493,-10.349999999999987,13.589999999999984,1.27,Right
78.30399999999493,-10.259999999999987,13.589999999999984,1.27,Right
78.33599999999493,-10.169999999999987,13.589999999999984,1.27,Right
78.36799999999492,-10.079999999999988,13.589999999999984,1.27,Right
78.39999999999492,-9.989999999999988,13.589999999999984,1.27,Right
78.43199999999491,-9.899999999999988,13.589999999999984,1.27,Right
78.46399999999491,-9.809999999999988,13.589999999999984,1.27,Right
78.49599999999491,-9.719999999999988,13.589999999999984,1.27,Right
78.5279999999949,-9.629999999999988,13.589999999999984,1.27,Right
78.5599999999949,-9.629999999999988,13.499999999999984,1.27,Down
78.5919999999949,-9.629999999999988,13.409999999999984,1.27,Down
78.6239999999949,-9.629999999999988,13.319999999999984,1.27,Down
78.65599999999489,-9.629999999999988,13.229999999999984,1.27,Down
78.68799999999489,-9.629999999999988,13.139999999999985,1.27,Down
78.71999999999488,-9.629999999999988,13.049999999999985,1.27,Down
78.75199999999488,-9.629999999999988,12.959999999999985,1.27,Down
78.78399999999488,-9.629999999999988,12.869999999999985,1.27,Down
78.81599999999487,-9.629999999999988,12.779999999999985,1.27,Down
78.84799999999487,-9.629999999999988,12.689999999999985,1.27,Down
78.87999999999487,-9.629999999999988,12.599999999999985,1.27,Down
78.91199999999486,-9.629999999999988,12.509999999999986,1.27,Down
78.94399999999486,-9.629999999999988,12.419999999999986,1.27,Down
78.97599999999485,-9.629999999999988,12.329999999999986,1.27,Down
79.00799999999485,-9.629999999999988,12.239999999999986,1.27,Down
79.03999999999485,-9.629999999999988,12.149999999999986,1.27,Down
79.07199999999484,-9.629999999999988,12.059999999999986,1.27,Down
79.10399999999484,-9.629999999999988,11.969999999999986,1.27,Down
79.13599999999484,-9.629999999999988,11.879999999999987,1.27,Down
79.16799999999483,-9.629999999999988,11.789999999999987,1.27,Down
79.19999999999483,-9.629999999999988,11.699999999999987,1.27,Down
79.23199999999483,-9.629999999999988,11.609999999999987,1.27,Down
79.26399999999482,-9.629999999999988,11.519999999999987,1.27,Down
79.29599999999482,-9.629999999999988,11.429999999999987,1.27,Down
79.32799999999482,-9.629999999999988,11.339999999999987,1.27,Down
79.35999999999481,-9.539999999999988,11.339999999999987,1.27,Right
79.39199999999481,-9.449999999999989,11.339999999999987,1.27,Right
79.4239999999948,-9.359999999999989,11.339999999999987,1.27,Right
79.4559999999948,-9.269999999999989,11.339999999999987,1.27,Right
79.4879999999948,-9.179999999999989,11.339999999999987,1.27,Right
79.5199999999948,-9.179999999999989,11.429999999999987,1.27,Up
79.55199999999479,-9.179999999999989,11.519999999999987,1.27,Up
79.58399999999479,-9.179999999999989,11.609999999999987,1.27,Up
79.61599999999478,-9.179999999999989,11.699999999999987,1.27,Up
79.64799999999478,-9.179999999999989,11.789999999999987,1.27,Up
79.67999999999478,-9.179999999999989,11.879999999999987,1.27,Up
79.71199999999477,-9.179999999999989,11.969999999999986,1.27,Up
79.74399999999477,-9.179999999999989,12.059999999999986,1.27,Up
79.77599999999477,-9.179999999999989,12.149999999999986,1.27,Up
79.80799999999476,-9.179999999999989,12.239999999999986,1.27,Up
79.83999999999476,-9.179999999999989,12.329999999999986,1.27,Up
79.87199999999476,-9.179999999999989,12.419999999999986,1.27,Up
79.90399999999475,-9.179999999999989,12.509999999999986,1.27,Up
79.93599999999475,-9.179999999999989,12.599999999999985,1.27,Up
79.96799999999475,-9.179999999999989,12.689999999999985,1.27,Up
79.99999999999474,-9.179999999999989,12.779999999999985,1.27,Up
80.03199999999474,-9.179999999999989,12.869999999999985,1.27,Up
80.06399999999473,-9.179999999999989,12.959999999999985,1.27,Up
80.09599999999473,-9.179999999999989,13.049999999999985,1.27,Up
80.12799999999473,-9.179999999999989,13.139999999999985,1.27,Up
80.15999999999472,-9.179999999999989,13.229999999999984,1.27,Up
80.19199999999472,-9.179999999999989,13.319999999999984,1.27,Up
80.22399999999472,-9.179999999999989,13.409999999999984,1.27,Up
80.25599999999471,-9.179999999999989,13.499999999999984,1.27,Up
80.28799999999471,-9.179999999999989,13.589999999999984,1.27,Up
80.3199999999947,-9.179999999999989,13.679999999999984,1.27,Up
80.3519999999947,-9.179999999999989,13.769999999999984,1.27,Up
80.3839999999947,-9.269999999999989,13.769999999999984,1.27,Left
80.4159999999947,-9.359999999999989,13.769999999999984,1.27,Left
80.44799999999469,-9.449999999999989,13.769999999999984,1.27,Left
80.47999999999469,-9.539999999999988,13.769999999999984,1.27,Left
80.51199999999469,-9.629999999999988,13.769999999999984,1.27,Left
80.54399999999468,-9.719999999999988,13.769999999999984,1.27,Left
80.57599999999468,-9.809999999999988,13.769999999999984,1.27,Left
80.60799999999468,-9.899999999999988,13.769999999999984,1.27,Left
80.63999999999467,-9.989999999999988,13.769999999999984,1.27,Left
80.67199999999467,-10.079999999999988,13.769999999999984,1.27,Left
80.70399999999466,-10.169999999999987,13.769999999999984,1.27,Left
80.73599999999466,-10.259999999999987,13.769999999999984,1.27,Left
80.76799999999466,-10.349999999999987,13.769999999999984,1.27,Left
80.79999999999465,-10.439999999999987,13.769999999999984,1.27,Left
80.83199999999465,-10.529999999999987,13.769999999999984,1.27,Left
80.86399999999465,-10.619999999999987,13.769999999999984,1.27,Left
80.89599999999464,-10.709999999999987,13.769999999999984,1.27,Left
80.92799999999464,-10.799999999999986,13.769999999999984,1.27,Left
80.95999999999464,-10.889999999999986,13.769999999999984,1.27,Left
80.99199999999463,-10.979999999999986,13.769999999999984,1.27,Left
81.02399999999463,-11.069999999999986,13.769999999999984,1.27,Left
81.05599999999463,-11.159999999999986,13.769999999999984,1.27,Left
81.08799999999462,-11.249999999999986,13.769999999999984,1.27,Left
81.11999999999462,-11.339999999999986,13.769999999999984,1.27,Left
81.15199999999462,-11.429999999999986,13.769999999999984,1.27,Left
81.18399999999461,-11.519999999999985,13.769999999999984,1.27,Left
81.21599999999461,-11.609999999999985,13.769999999999984,1.27,Left
81.2479999999946,-11.699999999999985,13.769999999999984,1.27,Left
81.2799999999946,-11.789999999999985,13.769999999999984,1.27,Left
81.3119999999946,-11.879999999999985,13.769999999999984,1.27,Left
81.3439999999946,-11.969999999999985,13.769999999999984,1.27,Left
81.37599999999459,-12.059999999999985,13.769999999999984,1.27,Left
81.40799999999459,-12.149999999999984,13.769999999999984,1.27,Left
81.43999999999458,-12.239999999999984,13.769999999999984,1.27,Left
81.47199999999458,-12.329999999999984,13.769999999999984,1.27,Left
81.50399999999458,-12.329999999999984,13.859999999999983,1.27,Up
81.53599999999457,-12.329999999999984,13.949999999999983,1.27,Up
81.56799999999457,-12.329999999999984,14.039999999999983,1.27,Up
81.59999999999457,-12.329999999999984,14.129999999999983,1.27,Up
81.63199999999456,-12.329999999999984,14.219999999999983,1.27,Up
81.66399999999456,-12.329999999999984,14.309999999999983,1.27,Up
81.69599999999456,-12.329999999999984,14.399999999999983,1.27,Up
81.72799999999455,-12.329999999999984,14.489999999999982,1.27,Up
81.75999999999455,-12.329999999999984,14.579999999999982,1.27,Up
81.79199999999454,-12.329999999999984,14.669999999999982,1.27,Up
81.82399999999454,-12.329999999999984,14.759999999999982,1.27,Up
81.85599999999454,-12.329999999999984,14.849999999999982,1.27,Up
81.88799999999453,-12.329999999999984,14.939999999999982,1.27,Up
81.91999999999453,-12.329999999999984,15.029999999999982,1.27,Up
81.95199999999453,-12.329999999999984,15.119999999999981,1.27,Up
81.98399999999452,-12.419999999999984,15.119999999999981,1.27,Left
82.01599999999452,-12.509999999999984,15.119999999999981,1.27,Left
82.04799999999452,-12.599999999999984,15.119999999999981,1.27,Left
82.07999999999451,-12.599999999999984,15.029999999999982,1.27,Down
82.11199999999451,-12.599999999999984,14.939999999999982,1.27,Down
82.1439999999945,-12.599999999999984,14.849999999999982,1.27,Down
82.1759999999945,-12.599999999999984,14.759999999999982,1.27,Down
82.2079999999945,-12.599999999999984,14.669999999999982,1.27,Down
82.2399999999945,-12.599999999999984,14.579999999999982,1.27,Down
82.27199999999449,-12.599999999999984,14.489999999999982,1.27,Down
82.30399999999449,-12.599999999999984,14.399999999999983,1.27,Down
82.33599999999448,-12.599999999999984,14.309999999999983,1.27,Down
82.36799999999448,-12.599999999999984,14.219999999999983,1.27,Down
82.39999999999448,-12.599999999999984,14.129999999999983,1.27,Down
82.43199999999447,-12.599999999999984,14.039999999999983,1.27,Down
82.46399999999447,-12.599999999999984,13.949999999999983,1.27,Down
82.49599999999447,-12.599999999999984,13.859999999999983,1.27,Down
82.52799999999446,-12.599999999999984,13.769999999999984,1.27,Down
82.55999999999446,-12.599999999999984,13.679999999999984,1.27,Down
82.59199999999446,-12.599999999999984,13.589999999999984,1.27,Down
82.62399999999445,-12.599999999999984,13.499999999999984,1.27,Down
82.65599999999445,-12.599999999999984,13.409999999999984,1.27,Down
82.68799999999445,-12.599999999999984,13.319999999999984,1.27,Down
82.71999999999444,-12.599999999999984,13.229999999999984,1.27,Down
82.75199999999444,-12.599999999999984,13.139999999999985,1.27,Down
82.78399999999444,-12.599999999999984,13.049999999999985,1.27,Down
82.81599999999443,-12.599999999999984,12.959999999999985,1.27,Down
82.84799999999443,-12.599999999999984,12.869999999999985,1.27,Down
82.87999999999442,-12.599999999999984,12.779999999999985,1.27,Down
82.91199999999442,-12.599999999999984,12.689999999999985,1.27,Down
82.94399999999442,-12.599999999999984,12.599999999999985,1.27,Down
82.97599999999441,-12.599999999999984,12.509999999999986,1.27,Down
83.00799999999441,-12.599999999999984,12.419999999999986,1.27,Down
83.03999999999441,-12.599999999999984,12.329999999999986,1.27,Down
83.0719999999944,-12.599999999999984,12.239999999999986,1.27,Down
83.1039999999944,-12.599999999999984,12.149999999999986,1.27,Down
83.1359999999944,-12.599999999999984,12.059999999999986,1.27,Down
83.1679999999944,-12.599999999999984,11.969999999999986,1.27,Down
83.19999999999439,-12.599999999999984,11.879999999999987,1.27,Down
83.23199999999439,-12.599999999999984,11.789999999999987,1.27,Down
83.26399999999438,-12.599999999999984,11.699999999999987,1.27,Down
83.29599999999438,-12.599999999999984,11.609999999999987,1.27,Down
83.32799999999438,-12.599999999999984,11.519999999999987,1.27,Down
83.35999999999437,-12.599999999999984,11.429999999999987,1.27,Down
83.39199999999437,-12.599999999999984,11.339999999999987,1.27,Down
83.42399999999436,-12.599999999999984,11.249999999999988,1.27,Down
83.45599999999436,-12.599999999999984,11.159999999999988,1.27,Down
83.48799999999436,-12.599999999999984,11.069999999999988,1.27,Down
83.51999999999435,-12.599999999999984,10.979999999999988,1.27,Down
83.55199999999435,-12.599999999999984,10.889999999999988,1.27,Down
83.58399999999435,-12.599999999999984,10.799999999999988,1.27,Down
83.61599999999434,-12.599999999999984,10.709999999999988,1.27,Down
83.64799999999434,-12.599999999999984,10.619999999999989,1.27,Down
83.67999999999434,-12.599999999999984,10.529999999999989,1.27,Down
83.71199999999433,-12.599999999999984,10.439999999999989,1.27,Down
83.74399999999433,-12.599999999999984,10.349999999999989,1.27,Down
83.77599999999433,-12.599999999999984,10.25999999999999,1.27,Down
83.80799999999432,-12.599999999999984,10.16999999999999,1.27,Down
83.83999999999432,-12.599999999999984,10.07999999999999,1.27,Down
83.87199999999432,-12.599999999999984,9.98999999999999,1.27,Down
83.90399999999431,-12.599999999999984,9.89999999999999,1.27,Down
83.93599999999431,-12.599999999999984,9.80999999999999,1.27,Down
83.9679999999943,-12.599999999999984,9.71999999999999,1.27,Down
83.9999999999943,-12.599999999999984,9.62999999999999,1.27,Down
84.0319999999943,-12.599999999999984,9.53999999999999,1.27,Down
84.0639999999943,-12.599999999999984,9.44999999999999,1.27,Down
84.09599999999429,-12.599999999999984,9.35999999999999,1.27,Down
84.12799999999429,-12.599999999999984,9.26999999999999,1.27,Down
84.15999999999428,-12.599999999999984,9.17999999999999,1.27,Down
84.19199999999428,-12.599999999999984,9.089999999999991,1.27,Down
84.22399999999428,-12.599999999999984,8.999999999999991,1.27,Down
84.25599999999427,-12.599999999999984,8.909999999999991,1.27,Down
84.28799999999427,-12.599999999999984,8.819999999999991,1.27,Down
84.31999999999427,-12.599999999999984,8.729999999999992,1.27,Down
84.35199999999426,-12.599999999999984,8.639999999999992,1.27,Down
84.38399999999426,-12.599999999999984,8.549999999999992,1.27,Down
84.41599999999426,-12.599999999999984,8.459999999999992,1.27,Down
84.44799999999425,-12.599999999999984,8.369999999999992,1.27,Down
84.47999999999425,-12.599999999999984,8.279999999999992,1.27,Down
84.51199999999425,-12.599999999999984,8.189999999999992,1.27,Down
84.54399999999424,-12.599999999999984,8.099999999999993,1.27,Down
84.57599999999424,-12.599999999999984,8.009999999999993,1.27,Down
84.60799999999423,-12.599999999999984,7.919999999999993,1.27,Down
84.63999999999423,-12.599999999999984,7.829999999999993,1.27,Down
84.67199999999423,-12.599999999999984,7.739999999999993,1.27,Down
84.70399999999422,-12.599999999999984,7.649999999999993,1.27,Down
84.73599999999422,-12.599999999999984,7.559999999999993,1.27,Down
84.76799999999422,-12.599999999999984,7.4699999999999935,1.27,Down
84.79999999999421,-12.599999999999984,7.379999999999994,1.27,Down
84.83199999999421,-12.599999999999984,7.289999999999994,1.27,Down
84.8639999999942,-12.599999999999984,7.199999999999994,1.27,Down
84.8959999999942,-12.689999999999984,7.199999999999994,1.27,Left
84.9279999999942,-12.779999999999983,7.199999999999994,1.27,Left
84.9599999999942,-12.869999999999983,7.199999999999994,1.27,Left
84.99199999999419,-12.959999999999983,7.199999999999994,1.27,Left
85.02399999999419,-13.049999999999983,7.199999999999994,1.27,Left
85.05599999999419,-13.139999999999983,7.199999999999994,1.27,Left
85.08799999999418,-13.229999999999983,7.199999999999994,1.27,Left
85.11999999999418,-13.319999999999983,7.199999999999994,1.27,Left
85.15199999999417,-13.409999999999982,7.199999999999994,1.27,Left
85.18399999999417,-13.499999999999982,7.199999999999994,1.27,Left
85.21599999999417,-13.589999999999982,7.199999999999994,1.27,Left
85.24799999999416,-13.679999999999982,7.199999999999994,1.27,Left
85.27999999999416,-13.769999999999982,7.199999999999994,1.27,Left
85.31199999999416,-13.859999999999982,7.199999999999994,1.27,Left
85.34399999999415,-13.949999999999982,7.199999999999994,1.27,Left
85.37599999999415,-14.039999999999981,7.199999999999994,1.27,Left
85.40799999999415,-14.129999999999981,7.199999999999994,1.27,Left
85.43999999999414,-14.219999999999981,7.199999999999994,1.27,Left
85.47199999999414,-14.219999999999981,7.199999999999994,1.27,Stationary
85.50399999999414,-14.129999999999981,7.199999999999994,1.27,Right
85.53599999999413,-14.039999999999981,7.199999999999994,1.27,Right
85.56799999999413,-13.949999999999982,7.199999999999994,1.27,Right
85.59999999999413,-13.859999999999982,7.199999999999994,1.27,Right
85.63199999999412,-13.769999999999982,7.199999999999994,1.27,Right
85.66399999999412,-13.679999999999982,7.199999999999994,1.27,Right
85.69599999999411,-13.589999999999982,7.199999999999994,1.27,Right
85.72799999999411,-13.499999999999982,7.199999999999994,1.27,Right
85.75999999999411,-13.409999999999982,7.199999999999994,1.27,Right
85.7919999999941,-13.499999999999982,7.199999999999994,1.27,Left
85.8239999999941,-13.589999999999982,7.199999999999994,1.27,Left
85.8559999999941,-13.679999999999982,7.199999999999994,1.27,Left
85.8879999999941,-13.769999999999982,7.199999999999994,1.27,Left
85.91999999999409,-13.859999999999982,7.199999999999994,1.27,Left
85.95199999999409,-13.949999999999982,7.199999999999994,1.27,Left
85.98399999999408,-14.039999999999981,7.199999999999994,1.27,Left
86.01599999999408,-14.129999999999981,7.199999999999994,1.27,Left
86.04799999999408,-14.219999999999981,7.199999999999994,1.27,Left
86.07999999999407,-14.309999999999981,7.199999999999994,1.27,Left
86.11199999999407,-14.219999999999981,7.199999999999994,1.27,Right
86.14399999999407,-14.129999999999981,7.199999999999994,1.27,Right
86.17599999999406,-14.039999999999981,7.199999999999994,1.27,Right
86.20799999999406,-13.949999999999982,7.199999999999994,1.27,Right
86.23999999999405,-13.859999999999982,7.199999999999994,1.27,Right
86.27199999999405,-13.769999999999982,7.199999999999994,1.27,Right
86.30399999999405,-13.679999999999982,7.199999999999994,1.27,Right
86.33599999999404,-13.589999999999982,7.199999999999994,1.27,Right
86.36799999999404,-13.499999999999982,7.199999999999994,1.27,Right
86.39999999999404,-13.409999999999982,7.199999999999994,1.27,Right
86.43199999999403,-13.319999999999983,7.199999999999994,1.27,Right
86.46399999999403,-13.229999999999983,7.199999999999994,1.27,Right
86.49599999999403,-13.139999999999983,7.199999999999994,1.27,Right
86.52799999999402,-13.049999999999983,7.199999999999994,1.27,Right
86.55999999999402,-12.959999999999983,7.199999999999994,1.27,Right
86.59199999999402,-12.869999999999983,7.199999999999994,1.27,Right
86.62399999999401,-12.779999999999983,7.199999999999994,1.27,Right
86.65599999999401,-12.689999999999984,7.199999999999994,1.27,Right
86.687999999994,-12.599999999999984,7.199999999999994,1.27,Right
86.719999999994,-12.509999999999984,7.199999999999994,1.27,Right
86.751999999994,-12.419999999999984,7.199999999999994,1.27,Right
86.783999999994,-12.329999999999984,7.199999999999994,1.27,Right
86.81599999999399,-12.239999999999984,7.199999999999994,1.27,Right
86.84799999999399,-12.149999999999984,7.199999999999994,1.27,Right
86.87999999999398,-12.059999999999985,7.199999999999994,1.27,Right
86.91199999999398,-11.969999999999985,7.199999999999994,1.27,Right
86.94399999999398,-11.879999999999985,7.199999999999994,1.27,Right
86.97599999999397,-11.789999999999985,7.199999999999994,1.27,Right
87.00799999999397,-11.699999999999985,7.199999999999994,1.27,Right
87.03999999999397,-11.609999999999985,7.199999999999994,1.27,Right
87.07199999999396,-11.519999999999985,7.199999999999994,1.27,Right
87.10399999999396,-11.429999999999986,7.199999999999994,1.27,Right
87.13599999999396,-11.339999999999986,7.199999999999994,1.27,Right
87.16799999999395,-11.249999999999986,7.199999999999994,1.27,Right
87.19999999999395,-11.159999999999986,7.199999999999994,1.27,Right
87.23199999999395,-11.069999999999986,7.199999999999994,1.27,Right
87.26399999999394,-10.979999999999986,7.199999999999994,1.27,Right
87.29599999999394,-10.889999999999986,7.199999999999994,1.27,Right
87.32799999999393,-10.799999999999986,7.199999999999994,1.27,Right
87.35999999999393,-10.709999999999987,7.199999999999994,1.27,Right
87.39199999999393,-10.619999999999987,7.199999999999994,1.27,Right
87.42399999999392,-10.529999999999987,7.199999999999994,1.27,Right
87.45599999999392,-10.439999999999987,7.199999999999994,1.27,Right
87.48799999999392,-10.349999999999987,7.199999999999994,1.27,Right
87.51999999999391,-10.259999999999987,7.199999999999994,1.27,Right
87.55199999999391,-10.169999999999987,7.199999999999994,1.27,Right
87.5839999999939,-10.079999999999988,7.199999999999994,1.27,Right
87.6159999999939,-9.989999999999988,7.199999999999994,1.27,Right
87.6479999999939,-9.899999999999988,7.199999999999994,1.27,Right
87.6799999999939,-9.809999999999988,7.199999999999994,1.27,Right
87.71199999999389,-9.719999999999988,7.199999999999994,1.27,Right
87.74399999999389,-9.629999999999988,7.199999999999994,1.27,Right
87.77599999999389,-9.539999999999988,7.199999999999994,1.27,Right
87.80799999999388,-9.449999999999989,7.199999999999994,1.27,Right
87.83999999999388,-9.359999999999989,7.199999999999994,1.27,Right
87.87199999999388,-9.269999999999989,7.199999999999994,1.27,Right
87.90399999999387,-9.179999999999989,7.199999999999994,1.27,Right
87.93599999999387,-9.08999999999999,7.199999999999994,1.27,Right
87.96799999999386,-8.99999999999999,7.199999999999994,1.27,Right
87.99999999999386,-8.90999999999999,7.199999999999994,1.27,Right
88.03199999999386,-8.81999999999999,7.199999999999994,1.27,Right
88.06399999999385,-8.72999999999999,7.199999999999994,1.27,Right
88.09599999999385,-8.63999999999999,7.199999999999994,1.27,Right
88.12799999999385,-8.54999999999999,7.199999999999994,1.27,Right
88.15999999999384,-8.45999999999999,7.199999999999994,1.27,Right
88.19199999999384,-8.36999999999999,7.199999999999994,1.27,Right
88.22399999999384,-8.27999999999999,7.199999999999994,1.27,Right
88.25599999999383,-8.18999999999999,7.199999999999994,1.27,Right
88.28799999999383,-8.09999999999999,7.199999999999994,1.27,Right
88.31999999999383,-8.009999999999991,7.199999999999994,1.27,Right
88.35199999999382,-7.919999999999991,7.199999999999994,1.27,Right
88.38399999999382,-7.829999999999991,7.199999999999994,1.27,Right
88.41599999999382,-7.739999999999991,7.199999999999994,1.27,Right
88.44799999999381,-7.6499999999999915,7.199999999999994,1.27,Right
88.47999999999381,-7.559999999999992,7.199999999999994,1.27,Right
88.5119999999938,-7.469999999999992,7.199999999999994,1.27,Right
88.5439999999938,-7.379999999999992,7.199999999999994,1.27,Right
88.5759999999938,-7.289999999999992,7.199999999999994,1.27,Right
88.6079999999938,-7.199999999999992,7.199999999999994,1.27,Right
88.63999999999379,-7.109999999999992,7.199999999999994,1.27,Right
88.67199999999379,-7.0199999999999925,7.199999999999994,1.27,Right
88.70399999999378,-6.929999999999993,7.199999999999994,1.27,Right
88.73599999999378,-6.839999999999993,7.199999999999994,1.27,Right
88.76799999999378,-6.749999999999993,7.199999999999994,1.27,Right
88.79999999999377,-6.659999999999993,7.199999999999994,1.27,Right
88.83199999999377,-6.569999999999993,7.199999999999994,1.27,Right
88.86399999999377,-6.479999999999993,7.199999999999994,1.27,Right
88.89599999999376,-6.3899999999999935,7.199999999999994,1.27,Right
88.92799999999376,-6.299999999999994,7.199999999999994,1.27,Right
88.95999999999376,-6.209999999999994,7.199999999999994,1.27,Right
88.99199999999375,-6.119999999999994,7.199999999999994,1.27,Right
89.02399999999375,-6.029999999999994,7.199999999999994,1.27,Right
89.05599999999374,-5.939999999999994,7.199999999999994,1.27,Right
89.08799999999374,-5.849999999999994,7.199999999999994,1.27,Right
89.11999999999374,-5.7599999999999945,7.199999999999994,1.27,Right
89.15199999999373,-5.669999999999995,7.199999999999994,1.27,Right
89.18399999999373,-5.579999999999995,7.199999999999994,1.27,Right
89.21599999999373,-5.489999999999995,7.199999999999994,1.27,Right
89.24799999999372,-5.399999999999995,7.199999999999994,1.27,Right
89.27999999999372,-5.309999999999995,7.199999999999994,1.27,Right
89.31199999999372,-5.219999999999995,7.199999999999994,1.27,Right
89.34399999999371,-5.1299999999999955,7.199999999999994,1.27,Right
89.37599999999371,-5.039999999999996,7.199999999999994,1.27,Right
89.4079999999937,-4.949999999999996,7.199999999999994,1.27,Right
89.4399999999937,-4.859999999999996,7.199999999999994,1.27,Right
89.4719999999937,-4.769999999999996,7.199999999999994,1.27,Right
89.5039999999937,-4.679999999999996,7.199999999999994,1.27,Right
89.53599999999369,-4.589999999999996,7.199999999999994,1.27,Right
89.56799999999369,-4.4999999999999964,7.199999999999994,1.27,Right
89.59999999999368,-4.409999999999997,7.199999999999994,1.27,Right
89.63199999999368,-4.319999999999997,7.199999999999994,1.27,Right
89.66399999999368,-4.229999999999997,7.199999999999994,1.27,Right
89.69599999999367,-4.139999999999997,7.199999999999994,1.27,Right
89.72799999999367,-4.049999999999997,7.199999999999994,1.27,Right
89.75999999999367,-3.9599999999999973,7.199999999999994,1.27,Right
89.79199999999366,-3.8699999999999974,7.199999999999994,1.27,Right
89.82399999999366,-3.7799999999999976,7.199999999999994,1.27,Right
89.85599999999366,-3.6899999999999977,7.199999999999994,1.27,Right
89.88799999999365,-3.599999999999998,7.199999999999994,1.27,Right
89.91999999999365,-3.509999999999998,7.199999999999994,1.27,Right
89.95199999999365,-3.419999999999998,7.199999999999994,1.27,Right
89.98399999999364,-3.3299999999999983,7.199999999999994,1.27,Right
90.01599999999364,-3.2399999999999984,7.199999999999994,1.27,Right
90.04799999999364,-3.1499999999999986,7.199999999999994,1.27,Right
90.07999999999363,-3.0599999999999987,7.199999999999994,1.27,Right
90.11199999999363,-2.969999999999999,7.199999999999994,1.27,Right
90.14399999999362,-2.879999999999999,7.199999999999994,1.27,Right
90.17599999999362,-2.789999999999999,7.199999999999994,1.27,Right
90.20799999999362,-2.6999999999999993,7.199999999999994,1.27,Right
90.23999999999361,-2.6099999999999994,7.199999999999994,1.27,Right
90.27199999999361,-2.5199999999999996,7.199999999999994,1.27,Right
90.30399999999361,-2.4299999999999997,7.199999999999994,1.27,Right
90.3359999999936,-2.34,7.199999999999994,1.27,Right
90.3679999999936,-2.25,7.199999999999994,1.27,Right
90.3999999999936,-2.16,7.199999999999994,1.27,Right
90.4319999999936,-2.0700000000000003,7.199999999999994,1.27,Right
90.46399999999359,-1.9800000000000002,7.199999999999994,1.27,Right
90.49599999999359,-1.8900000000000001,7.199999999999994,1.27,Right
90.52799999999358,-1.8,7.199999999999994,1.27,Right
90.55999999999358,-1.71,7.199999999999994,1.27,Right
90.59199999999358,-1.6199999999999999,7.199999999999994,1.27,Right
90.62399999999357,-1.5299999999999998,7.199999999999994,1.27,Right
90.65599999999357,-1.4399999999999997,7.199999999999994,1.27,Right
90.68799999999356,-1.3499999999999996,7.199999999999994,1.27,Right
90.71999999999356,-1.2599999999999996,7.199999999999994,1.27,Right
90.75199999999356,-1.1699999999999995,7.199999999999994,1.27,Right
90.78399999999355,-1.0799999999999994,7.199999999999994,1.27,Right
90.81599999999355,-0.9899999999999994,7.199999999999994,1.27,Right
90.84799999999355,-0.8999999999999995,7.199999999999994,1.27,Right
90.87999999999354,-0.8099999999999995,7.199999999999994,1.27,Right
90.91199999999354,-0.7199999999999995,7.199999999999994,1.27,Right
90.94399999999354,-0.6299999999999996,7.199999999999994,1.27,Right
90.97599999999353,-0.5399999999999996,7.199999999999994,1.27,Right
91.00799999999353,-0.4499999999999996,7.199999999999994,1.27,Right
91.03999999999353,-0.35999999999999965,7.199999999999994,1.27,Right
91.07199999999352,-0.2699999999999997,7.199999999999994,1.27,Right
91.10399999999352,-0.1799999999999997,7.199999999999994,1.27,Right
91.13599999999352,-0.08999999999999969,7.199999999999994,1.27,Right
91.16799999999351,3.0531133177191805e-16,7.199999999999994,1.27,Right
91.19999999999351,0.0900000000000003,7.199999999999994,1.27,Right
91.2319999999935,0.1800000000000003,7.199999999999994,1.27,Right
91.2639999999935,0.2700000000000003,7.199999999999994,1.27,Right
91.2959999999935,0.3600000000000003,7.199999999999994,1.27,Right
91.3279999999935,0.4500000000000003,7.199999999999994,1.27,Right
91.35999999999349,0.5400000000000003,7.199999999999994,1.27,Right
91.39199999999349,0.6300000000000002,7.199999999999994,1.27,Right
91.42399999999348,0.7200000000000002,7.199999999999994,1.27,Right
91.45599999999348,0.8100000000000002,7.199999999999994,1.27,Right
91.48799999999348,0.9000000000000001,7.199999999999994,1.27,Right
91.51999999999347,0.9900000000000001,7.199999999999994,1.27,Right
91.55199999999347,1.08,7.199999999999994,1.27,Right
91.58399999999347,1.1700000000000002,7.199999999999994,1.27,Right
91.61599999999346,1.2600000000000002,7.199999999999994,1.27,Right
91.64799999999346,1.3500000000000003,7.199999999999994,1.27,Right
91.67999999999346,1.4400000000000004,7.199999999999994,1.27,Right
91.71199999999345,1.5300000000000005,7.199999999999994,1.27,Right
91.74399999999345,1.6200000000000006,7.199999999999994,1.27,Right
91.77599999999345,1.7100000000000006,7.199999999999994,1.27,Right
91.80799999999344,1.8000000000000007,7.199999999999994,1.27,Right
91.83999999999344,1.8900000000000008,7.199999999999994,1.27,Right
91.87199999999343,1.9800000000000009,7.199999999999994,1.27,Right
91.90399999999343,2.0700000000000007,7.199999999999994,1.27,Right
91.93599999999343,2.1600000000000006,7.199999999999994,1.27,Right
91.96799999999342,2.2500000000000004,7.199999999999994,1.27,Right
91.99999999999342,2.3400000000000003,7.199999999999994,1.27,Right
92.03199999999342,2.43,7.199999999999994,1.27,Right
92.06399999999341,2.52,7.199999999999994,1.27,Right
92.09599999999341,2.61,7.199999999999994,1.27,Right
92.1279999999934,2.6999999999999997,7.199999999999994,1.27,Right
92.1599999999934,2.7899999999999996,7.199999999999994,1.27,Right
92.1919999999934,2.8799999999999994,7.199999999999994,1.27,Right
92.2239999999934,2.9699999999999993,7.199999999999994,1.27,Right
92.25599999999339,3.059999999999999,7.199999999999994,1.27,Right
92.28799999999339,3.149999999999999,7.199999999999994,1.27,Right
92.31999999999339,3.239999999999999,7.199999999999994,1.27,Right
92.35199999999338,3.3299999999999987,7.199999999999994,1.27,Right
92.38399999999338,3.4199999999999986,7.199999999999994,1.27,Right
92.41599999999337,3.5099999999999985,7.199999999999994,1.27,Right
92.44799999999337,3.5999999999999983,7.199999999999994,1.27,Right
92.47999999999337,3.689999999999998,7.199999999999994,1.27,Right
92.51199999999336,3.779999999999998,7.199999999999994,1.27,Right
92.54399999999336,3.869999999999998,7.199999999999994,1.27,Right
92.57599999999336,3.9599999999999977,7.199999999999994,1.27,Right
92.60799999999335,4.049999999999998,7.199999999999994,1.27,Right
92.63999999999335,4.139999999999998,7.199999999999994,1.27,Right
92.67199999999335,4.229999999999998,7.199999999999994,1.27,Right
92.70399999999334,4.319999999999998,7.199999999999994,1.27,Right
92.73599999999334,4.4099999999999975,7.199999999999994,1.27,Right
92.76799999999334,4.499999999999997,7.199999999999994,1.27,Right
92.79999999999333,4.589999999999997,7.199999999999994,1.27,Right
92.83199999999333,4.679999999999997,7.199999999999994,1.27,Right
92.86399999999333,4.769999999999997,7.199999999999994,1.27,Right
92.89599999999332,4.859999999999997,7.199999999999994,1.27,Right
92.92799999999332,4.949999999999997,7.199999999999994,1.27,Right
92.95999999999331,5.0399999999999965,7.199999999999994,1.27,Right
92.99199999999331,5.129999999999996,7.199999999999994,1.27,Right
93.02399999999331,5.219999999999996,7.199999999999994,1.27,Right
93.0559999999933,5.309999999999996,7.199999999999994,1.27,Right
93.0879999999933,5.399999999999996,7.199999999999994,1.27,Right
93.1199999999933,5.489999999999996,7.199999999999994,1.27,Right
93.1519999999933,5.579999999999996,7.199999999999994,1.27,Right
93.18399999999329,5.6699999999999955,7.199999999999994,1.27,Right
93.21599999999329,5.759999999999995,7.199999999999994,1.27,Right
93.24799999999328,5.849999999999995,7.199999999999994,1.27,Right
93.27999999999328,5.939999999999995,7.199999999999994,1.27,Right
93.31199999999328,6.029999999999995,7.199999999999994,1.27,Right
93.34399999999327,6.119999999999995,7.199999999999994,1.27,Right
93.37599999999327,6.209999999999995,7.199999999999994,1.27,Right
93.40799999999327,6.2999999999999945,7.199999999999994,1.27,Right
93.43999999999326,6.389999999999994,7.199999999999994,1.27,Right
93.47199999999326,6.479999999999994,7.199999999999994,1.27,Right
93.50399999999325,6.479999999999994,7.199999999999994,1.27,Stationary
93.53599999999325,6.479999999999994,7.199999999999994,1.27,Stationary
93.56799999999325,6.479999999999994,7.199999999999994,1.27,Stationary
93.59999999999324,6.479999999999994,7.199999999999994,1.27,Stationary
93.63199999999324,6.479999999999994,7.199999999999994,1.27,Stationary
93.66399999999324,6.479999999999994,7.199999999999994,1.27,Stationary
93.69599999999323,6.479999999999994,7.199999999999994,1.27,Stationary
93.72799999999323,6.479999999999994,7.199999999999994,1.27,Stationary
93.75999999999323,6.479999999999994,7.199999999999994,1.27,Stationary
93.79199999999322,6.479999999999994,7.199999999999994,1.27,Stationary
93.82399999999322,6.479999999999994,7.199999999999994,1.27,Stationary
93.85599999999322,6.479999999999994,7.199999999999994,1.27,Stationary
93.88799999999321,6.479999999999994,7.199999999999994,1.27,Stationary
93.91999999999321,6.479999999999994,7.199999999999994,1.27,Stationary
93.9519999999932,6.479999999999994,7.199999999999994,1.27,Stationary
93.9839999999932,6.479999999999994,7.199999999999994,1.27,Stationary
94.0159999999932,6.479999999999994,7.199999999999994,1.27,Stationary
94.0479999999932,6.479999999999994,7.199999999999994,1.27,Stationary
94.07999999999319,6.479999999999994,7.199999999999994,1.27,Stationary
94.11199999999319,6.479999999999994,7.199999999999994,1.27,Stationary
94.14399999999318,6.479999999999994,7.199999999999994,1.27,Stationary
94.17599999999318,6.479999999999994,7.199999999999994,1.27,Stationary
94.20799999999318,6.479999999999994,7.199999999999994,1.27,Stationary
94.23999999999317,6.479999999999994,7.199999999999994,1.27,Stationary
94.27199999999317,6.479999999999994,7.199999999999994,1.27,Stationary
94.30399999999317,6.479999999999994,7.199999999999994,1.27,Stationary
94.33599999999316,6.479999999999994,7.199999999999994,1.27,Stationary
94.36799999999316,6.479999999999994,7.199999999999994,1.27,Stationary
94.39999999999316,6.479999999999994,7.199999999999994,1.27,Stationary
94.43199999999315,6.479999999999994,7.199999999999994,1.27,Stationary
94.46399999999315,6.479999999999994,7.199999999999994,1.27,Stationary
94.49599999999315,6.479999999999994,7.199999999999994,1.27,Stationary
94.52799999999314,6.479999999999994,7.199999999999994,1.27,Stationary
94.55999999999314,6.479999999999994,7.199999999999994,1.27,Stationary
94.59199999999313,6.479999999999994,7.199999999999994,1.27,Stationary
94.62399999999313,6.479999999999994,7.199999999999994,1.27,Stationary
94.65599999999313,6.479999999999994,7.199999999999994,1.27,Stationary
94.68799999999312,6.479999999999994,7.199999999999994,1.27,Stationary
94.71999999999312,6.479999999999994,7.199999999999994,1.27,Stationary
94.75199999999312,6.479999999999994,7.199999999999994,1.27,Stationary
94.78399999999311,6.479999999999994,7.199999999999994,1.27,Stationary
94.81599999999311,6.479999999999994,7.199999999999994,1.27,Stationary
94.8479999999931,6.479999999999994,7.199999999999994,1.27,Stationary
94.8799999999931,6.479999999999994,7.199999999999994,1.27,Stationary
94.9119999999931,6.479999999999994,7.199999999999994,1.27,Stationary
94.9439999999931,6.479999999999994,7.199999999999994,1.27,Stationary
94.97599999999309,6.479999999999994,7.199999999999994,1.27,Stationary
95.00799999999309,6.479999999999994,7.199999999999994,1.27,Stationary
95.03999999999309,6.479999999999994,7.199999999999994,1.27,Stationary
95.07199999999308,6.479999999999994,7.199999999999994,1.27,Stationary
95.10399999999308,6.479999999999994,7.199999999999994,1.27,Stationary
95.13599999999307,6.479999999999994,7.199999999999994,1.27,Stationary
95.16799999999307,6.479999999999994,7.199999999999994,1.27,Stationary
95.19999999999307,6.479999999999994,7.199999999999994,1.27,Stationary
95.23199999999306,6.479999999999994,7.199999999999994,1.27,Stationary
95.26399999999306,6.479999999999994,7.199999999999994,1.27,Stationary
95.29599999999306,6.479999999999994,7.199999999999994,1.27,Stationary
95.32799999999305,6.479999999999994,7.199999999999994,1.27,Stationary
95.35999999999305,6.479999999999994,7.199999999999994,1.27,Stationary
95.39199999999305,6.479999999999994,7.199999999999994,1.27,Stationary
95.42399999999304,6.479999999999994,7.199999999999994,1.27,Stationary
95.45599999999304,6.479999999999994,7.199999999999994,1.27,Stationary
95.48799999999304,6.479999999999994,7.199999999999994,1.27,Stationary
95.51999999999303,6.479999999999994,7.199999999999994,1.27,Stationary
95.55199999999303,6.479999999999994,7.199999999999994,1.27,Stationary
95.58399999999303,6.479999999999994,7.199999999999994,1.27,Stationary
95.61599999999302,6.479999999999994,7.199999999999994,1.27,Stationary
95.64799999999302,6.479999999999994,7.199999999999994,1.27,Stationary
95.67999999999302,6.479999999999994,7.199999999999994,1.27,Stationary
95.71199999999301,6.479999999999994,7.199999999999994,1.27,Stationary
95.74399999999301,6.479999999999994,7.199999999999994,1.27,Stationary
95.775999999993,6.479999999999994,7.199999999999994,1.27,Stationary
95.807999999993,6.479999999999994,7.199999999999994,1.27,Stationary
95.839999999993,6.479999999999994,7.199999999999994,1.27,Stationary
95.871999999993,6.479999999999994,7.199999999999994,1.27,Stationary
95.90399999999299,6.479999999999994,7.199999999999994,1.27,Stationary
95.93599999999299,6.479999999999994,7.199999999999994,1.27,Stationary
95.96799999999298,6.479999999999994,7.199999999999994,1.27,Stationary
95.99999999999298,6.479999999999994,7.199999999999994,1.27,Stationary
96.03199999999298,6.479999999999994,7.199999999999994,1.27,Stationary
96.06399999999297,6.479999999999994,7.199999999999994,1.27,Stationary
96.09599999999297,6.479999999999994,7.199999999999994,1.27,Stationary
96.12799999999297,6.479999999999994,7.199999999999994,1.27,Stationary
96.15999999999296,6.479999999999994,7.199999999999994,1.27,Stationary
96.19199999999296,6.479999999999994,7.199999999999994,1.27,Stationary
96.22399999999296,6.479999999999994,7.199999999999994,1.27,Stationary
96.25599999999295,6.479999999999994,7.199999999999994,1.27,Stationary
96.28799999999295,6.479999999999994,7.199999999999994,1.27,Stationary
96.31999999999294,6.479999999999994,7.199999999999994,1.27,Stationary
96.35199999999294,6.479999999999994,7.199999999999994,1.27,Stationary
96.38399999999294,6.479999999999994,7.199999999999994,1.27,Stationary
96.41599999999293,6.479999999999994,7.199999999999994,1.27,Stationary
96.44799999999293,6.479999999999994,7.199999999999994,1.27,Stationary
96.47999999999293,6.479999999999994,7.199999999999994,1.27,Stationary
96.51199999999292,6.479999999999994,7.199999999999994,1.27,Stationary
96.54399999999292,6.479999999999994,7.199999999999994,1.27,Stationary
96.57599999999292,6.479999999999994,7.199999999999994,1.27,Stationary
96.60799999999291,6.479999999999994,7.199999999999994,1.27,Stationary
96.63999999999291,6.479999999999994,7.199999999999994,1.27,Stationary
96.6719999999929,6.479999999999994,7.199999999999994,1.27,Stationary
96.7039999999929,6.479999999999994,7.199999999999994,1.27,Stationary
96.7359999999929,6.479999999999994,7.199999999999994,1.27,Stationary
96.7679999999929,6.479999999999994,7.199999999999994,1.27,Stationary
96.79999999999289,6.479999999999994,7.199999999999994,1.27,Stationary
96.83199999999289,6.479999999999994,7.199999999999994,1.27,Stationary
96.86399999999288,6.479999999999994,7.199999999999994,1.27,Stationary
96.89599999999288,6.479999999999994,7.199999999999994,1.27,Stationary
96.92799999999288,6.479999999999994,7.199999999999994,1.27,Stationary
96.95999999999287,6.479999999999994,7.199999999999994,1.27,Stationary
96.99199999999287,6.479999999999994,7.199999999999994,1.27,Stationary
97.02399999999287,6.479999999999994,7.199999999999994,1.27,Stationary
97.05599999999286,6.479999999999994,7.199999999999994,1.27,Stationary
97.08799999999286,6.479999999999994,7.199999999999994,1.27,Stationary
97.11999999999286,6.479999999999994,7.199999999999994,1.27,Stationary
97.15199999999285,6.479999999999994,7.199999999999994,1.27,Stationary
97.18399999999285,6.479999999999994,7.199999999999994,1.27,Stationary
97.21599999999285,6.479999999999994,7.199999999999994,1.27,Stationary
97.24799999999284,6.479999999999994,7.199999999999994,1.27,Stationary
97.27999999999284,6.479999999999994,7.199999999999994,1.27,Stationary
97.31199999999284,6.479999999999994,7.199999999999994,1.27,Stationary
97.34399999999283,6.479999999999994,7.199999999999994,1.27,Stationary
97.37599999999283,6.479999999999994,7.199999999999994,1.27,Stationary
97.40799999999282,6.479999999999994,7.199999999999994,1.27,Stationary
97.43999999999282,6.479999999999994,7.199999999999994,1.27,Stationary
97.47199999999282,6.479999999999994,7.199999999999994,1.27,Stationary
97.50399999999281,6.479999999999994,7.199999999999994,1.27,Stationary
97.53599999999281,6.479999999999994,7.199999999999994,1.27,Stationary
97.56799999999281,6.479999999999994,7.199999999999994,1.27,Stationary
97.5999999999928,6.569999999999994,7.199999999999994,1.27,Right
97.6319999999928,6.659999999999994,7.199999999999994,1.27,Right
97.6639999999928,6.749999999999994,7.199999999999994,1.27,Right
97.6959999999928,6.839999999999994,7.199999999999994,1.27,Right
97.72799999999279,6.9299999999999935,7.199999999999994,1.27,Right
97.75999999999279,7.019999999999993,7.199999999999994,1.27,Right
97.79199999999278,7.109999999999993,7.199999999999994,1.27,Right
97.82399999999278,7.199999999999993,7.199999999999994,1.27,Right
97.85599999999278,7.289999999999993,7.199999999999994,1.27,Right
97.88799999999277,7.379999999999993,7.199999999999994,1.27,Right
97.91999999999277,7.469999999999993,7.199999999999994,1.27,Right
97.95199999999276,7.5599999999999925,7.199999999999994,1.27,Right
97.98399999999276,7.649999999999992,7.199999999999994,1.27,Right
98.01599999999276,7.739999999999992,7.199999999999994,1.27,Right
98.04799999999275,7.829999999999992,7.199999999999994,1.27,Right
98.07999999999275,7.919999999999992,7.199999999999994,1.27,Right
98.11199999999275,8.009999999999993,7.199999999999994,1.27,Right
98.14399999999274,8.099999999999993,7.199999999999994,1.27,Right
98.17599999999274,8.189999999999992,7.199999999999994,1.27,Right
98.20799999999274,8.279999999999992,7.199999999999994,1.27,Right
98.23999999999273,8.369999999999992,7.199999999999994,1.27,Right
98.27199999999273,8.459999999999992,7.199999999999994,1.27,Right
98.30399999999273,8.549999999999992,7.199999999999994,1.27,Right
98.33599999999272,8.639999999999992,7.199999999999994,1.27,Right
98.36799999999272,8.729999999999992,7.199999999999994,1.27,Right
98.39999999999272,8.819999999999991,7.199999999999994,1.27,Right
98.43199999999271,8.909999999999991,7.199999999999994,1.27,Right
98.46399999999271,8.999999999999991,7.199999999999994,1.27,Right
98.4959999999927,9.089999999999991,7.199999999999994,1.27,Right
98.5279999999927,9.17999999999999,7.199999999999994,1.27,Right
98.5599999999927,9.26999999999999,7.199999999999994,1.27,Right
98.5919999999927,9.35999999999999,7.199999999999994,1.27,Right
98.62399999999269,9.44999999999999,7.199999999999994,1.27,Right
98.65599999999269,9.53999999999999,7.199999999999994,1.27,Right
98.68799999999268,9.62999999999999,7.199999999999994,1.27,Right
98.71999999999268,9.71999999999999,7.199999999999994,1.27,Right
98.75199999999268,9.80999999999999,7.199999999999994,1.27,Right
98.78399999999267,9.89999999999999,7.199999999999994,1.27,Right
98.81599999999267,9.98999999999999,7.199999999999994,1.27,Right
98.84799999999267,10.07999999999999,7.199999999999994,1.27,Right
98.87999999999266,10.16999999999999,7.199999999999994,1.27,Right
98.91199999999266,10.25999999999999,7.199999999999994,1.27,Right
98.94399999999266,10.349999999999989,7.199999999999994,1.27,Right
98.97599999999265,10.439999999999989,7.199999999999994,1.27,Right
99.00799999999265,10.529999999999989,7.199999999999994,1.27,Right
99.03999999999265,10.619999999999989,7.199999999999994,1.27,Right
99.07199999999264,10.709999999999988,7.199999999999994,1.27,Right
99.10399999999264,10.799999999999988,7.199999999999994,1.27,Right
99.13599999999263,10.889999999999988,7.199999999999994,1.27,Right
99.16799999999263,10.979999999999988,7.199999999999994,1.27,Right
99.19999999999263,11.069999999999988,7.199999999999994,1.27,Right
99.23199999999262,11.159999999999988,7.199999999999994,1.27,Right
99.26399999999262,11.249999999999988,7.199999999999994,1.27,Right
99.29599999999262,11.339999999999987,7.199999999999994,1.27,Right
99.32799999999261,11.429999999999987,7.199999999999994,1.27,Right
99.35999999999261,11.519999999999987,7.199999999999994,1.27,Right
99.3919999999926,11.609999999999987,7.199999999999994,1.27,Right
99.4239999999926,11.699999999999987,7.199999999999994,1.27,Right
99.4559999999926,11.789999999999987,7.199999999999994,1.27,Right
99.4879999999926,11.879999999999987,7.199999999999994,1.27,Right
99.51999999999259,11.969999999999986,7.199999999999994,1.27,Right
99.55199999999259,12.059999999999986,7.199999999999994,1.27,Right
99.58399999999259,12.149999999999986,7.199999999999994,1.27,Right
99.61599999999258,12.239999999999986,7.199999999999994,1.27,Right
99.64799999999258,12.329999999999986,7.199999999999994,1.27,Right
99.67999999999257,12.419999999999986,7.199999999999994,1.27,Right
99.71199999999257,12.509999999999986,7.199999999999994,1.27,Right
99.74399999999257,12.599999999999985,7.199999999999994,1.27,Right
99.77599999999256,12.689999999999985,7.199999999999994,1.27,Right
99.80799999999256,12.779999999999985,7.199999999999994,1.27,Right
99.83999999999256,12.869999999999985,7.199999999999994,1.27,Right
99.87199999999255,12.959999999999985,7.199999999999994,1.27,Right
99.90399999999255,13.049999999999985,7.199999999999994,1.27,Right
99.93599999999255,13.139999999999985,7.199999999999994,1.27,Right
99.96799999999254,13.229999999999984,7.199999999999994,1.27,Right
99.99999999999254,13.319999999999984,7.199999999999994,1.27,Right
100.03199999999254,13.409999999999984,7.199999999999994,1.27,Right
100.06399999999253,13.499999999999984,7.199999999999994,1.27,Right
100.09599999999253,13.589999999999984,7.199999999999994,1.27,Right
100.12799999999253,13.679999999999984,7.199999999999994,1.27,Right
100.15999999999252,13.769999999999984,7.199999999999994,1.27,Right
100.19199999999252,13.859999999999983,7.199999999999994,1.27,Right
100.22399999999251,13.949999999999983,7.199999999999994,1.27,Right
100.25599999999251,14.039999999999983,7.199999999999994,1.27,Right
100.28799999999251,14.129999999999983,7.199999999999994,1.27,Right
100.3199999999925,14.219999999999983,7.199999999999994,1.27,Right
100.3519999999925,14.309999999999983,7.199999999999994,1.27,Right
100.3839999999925,14.399999999999983,7.199999999999994,1.27,Right
100.4159999999925,14.489999999999982,7.199999999999994,1.27,Right
100.44799999999249,14.579999999999982,7.199999999999994,1.27,Right
100.47999999999249,14.669999999999982,7.199999999999994,1.27,Right
100.51199999999248,14.759999999999982,7.199999999999994,1.27,Right
100.54399999999248,14.849999999999982,7.199999999999994,1.27,Right
100.57599999999248,14.939999999999982,7.199999999999994,1.27,Right
100.60799999999247,15.029999999999982,7.199999999999994,1.27,Right
100.63999999999247,15.119999999999981,7.199999999999994,1.27,Right
100.67199999999247,15.209999999999981,7.199999999999994,1.27,Right
100.70399999999246,15.299999999999981,7.199999999999994,1.27,Right
100.73599999999246,15.389999999999981,7.199999999999994,1.27,Right
100.76799999999245,15.47999999999998,7.199999999999994,1.27,Right
100.79999999999245,15.56999999999998,7.199999999999994,1.27,Right
100.83199999999245,15.65999999999998,7.199999999999994,1.27,Right
100.86399999999244,15.74999999999998,7.199999999999994,1.27,Right
100.89599999999244,15.83999999999998,7.199999999999994,1.27,Right
100.92799999999244,15.92999999999998,7.199999999999994,1.27,Right
100.95999999999243,16.019999999999982,7.199999999999994,1.27,Right
100.99199999999243,16.10999999999998,7.199999999999994,1.27,Right
101.02399999999243,16.19999999999998,7.199999999999994,1.27,Right
101.05599999999242,16.28999999999998,7.199999999999994,1.27,Right
101.08799999999242,16.37999999999998,7.199999999999994,1.27,Right
101.11999999999242,16.46999999999998,7.199999999999994,1.27,Right
101.15199999999241,16.55999999999998,7.199999999999994,1.27,Right
101.18399999999241,16.64999999999998,7.199999999999994,1.27,Right
101.2159999999924,16.73999999999998,7.199999999999994,1.27,Right
101.2479999999924,16.82999999999998,7.199999999999994,1.27,Right
101.2799999999924,16.91999999999998,7.199999999999994,1.27,Right
101.3119999999924,17.00999999999998,7.199999999999994,1.27,Right
101.34399999999239,17.09999999999998,7.199999999999994,1.27,Right
101.37599999999239,17.18999999999998,7.199999999999994,1.27,Right
101.40799999999238,17.27999999999998,7.199999999999994,1.27,Right
101.43999999999238,17.36999999999998,7.199999999999994,1.27,Right
101.47199999999238,17.36999999999998,7.199999999999994,1.27,Stationary
101.50399999999237,17.36999999999998,7.199999999999994,1.27,Stationary
101.53599999999237,17.36999999999998,7.199999999999994,1.27,Stationary
101.56799999999237,17.36999999999998,7.199999999999994,1.27,Stationary
101.59999999999236,17.36999999999998,7.199999999999994,1.27,Stationary
101.63199999999236,17.36999999999998,7.199999999999994,1.27,Stationary
101.66399999999236,17.36999999999998,7.199999999999994,1.27,Stationary
101.69599999999235,17.36999999999998,7.109999999999994,1.27,Down
101.72799999999235,17.36999999999998,7.019999999999994,1.27,Down
101.75999999999235,17.36999999999998,6.929999999999994,1.27,Down
101.79199999999234,17.36999999999998,6.8399999999999945,1.27,Down
101.82399999999234,17.36999999999998,6.749999999999995,1.27,Down
101.85599999999233,17.36999999999998,6.659999999999995,1.27,Down
101.88799999999233,17.36999999999998,6.569999999999995,1.27,Down
101.91999999999233,17.36999999999998,6.479999999999995,1.27,Down
101.95199999999232,17.36999999999998,6.389999999999995,1.27,Down
101.98399999999232,17.45999999999998,6.389999999999995,1.27,Right
102.01599999999232,17.54999999999998,6.389999999999995,1.27,Right
102.04799999999231,17.63999999999998,6.389999999999995,1.27,Right
102.07999999999231,17.72999999999998,6.389999999999995,1.27,Right
102.1119999999923,17.81999999999998,6.389999999999995,1.27,Right
102.1439999999923,17.90999999999998,6.389999999999995,1.27,Right
102.1759999999923,17.99999999999998,6.389999999999995,1.27,Right
102.2079999999923,18.08999999999998,6.389999999999995,1.27,Right
102.23999999999229,18.17999999999998,6.389999999999995,1.27,Right
102.27199999999229,18.26999999999998,6.389999999999995,1.27,Right
102.30399999999229,18.359999999999978,6.389999999999995,1.27,Right
102.33599999999228,18.449999999999978,6.389999999999995,1.27,Right
102.36799999999228,18.539999999999978,6.389999999999995,1.27,Right
102.39999999999227,18.629999999999978,6.389999999999995,1.27,Right
102.43199999999227,18.719999999999978,6.389999999999995,1.27,Right
102.46399999999227,18.809999999999977,6.389999999999995,1.27,Right
102.49599999999226,18.899999999999977,6.389999999999995,1.27,Right
102.52799999999226,18.989999999999977,6.389999999999995,1.27,Right
102.55999999999226,19.079999999999977,6.389999999999995,1.27,Right
102.59199999999225,19.169999999999977,6.389999999999995,1.27,Right
102.62399999999225,19.259999999999977,6.389999999999995,1.27,Right
102.65599999999225,19.349999999999977,6.389999999999995,1.27,Right
102.68799999999224,19.349999999999977,6.389999999999995,1.27,Stationary
102.71999999999224,19.349999999999977,6.389999999999995,1.27,Stationary
102.75199999999224,19.349999999999977,6.389999999999995,1.27,Stationary
102.78399999999223,19.349999999999977,6.389999999999995,1.27,Stationary
102.81599999999223,19.349999999999977,6.389999999999995,1.27,Stationary
102.84799999999223,19.349999999999977,6.389999999999995,1.27,Stationary
102.87999999999222,19.349999999999977,6.479999999999995,1.27,Up
102.91199999999222,19.349999999999977,6.569999999999995,1.27,Up
102.94399999999222,19.349999999999977,6.659999999999995,1.27,Up
102.97599999999221,19.349999999999977,6.749999999999995,1.27,Up
103.00799999999221,19.349999999999977,6.8399999999999945,1.27,Up
103.0399999999922,19.349999999999977,6.929999999999994,1.27,Up
103.0719999999922,19.349999999999977,7.019999999999994,1.27,Up
103.1039999999922,19.349999999999977,7.109999999999994,1.27,Up
103.1359999999922,19.349999999999977,7.199999999999994,1.27,Up
103.16799999999219,19.349999999999977,7.289999999999994,1.27,Up
103.19999999999219,19.349999999999977,7.379999999999994,1.27,Up
103.23199999999218,19.349999999999977,7.4699999999999935,1.27,Up
103.26399999999218,19.349999999999977,7.559999999999993,1.27,Up
103.29599999999218,19.259999999999977,7.559999999999993,1.27,Left
103.32799999999217,19.169999999999977,7.559999999999993,1.27,Left
103.35999999999217,19.079999999999977,7.559999999999993,1.27,Left
103.39199999999217,18.989999999999977,7.559999999999993,1.27,Left
103.42399999999216,18.899999999999977,7.559999999999993,1.27,Left
103.45599999999216,18.809999999999977,7.559999999999993,1.27,Left
103.48799999999216,18.719999999999978,7.559999999999993,1.27,Left
103.51999999999215,18.629999999999978,7.559999999999993,1.27,Left
103.55199999999215,18.539999999999978,7.559999999999993,1.27,Left
103.58399999999214,18.449999999999978,7.559999999999993,1.27,Left
103.61599999999214,18.359999999999978,7.559999999999993,1.27,Left
103.64799999999214,18.26999999999998,7.559999999999993,1.27,Left
103.67999999999213,18.17999999999998,7.559999999999993,1.27,Left
103.71199999999213,18.08999999999998,7.559999999999993,1.27,Left
103.74399999999213,17.99999999999998,7.559999999999993,1.27,Left
103.77599999999212,17.90999999999998,7.559999999999993,1.27,Left
103.80799999999212,17.81999999999998,7.559999999999993,1.27,Left
103.83999999999212,17.72999999999998,7.559999999999993,1.27,Left
103.87199999999211,17.63999999999998,7.559999999999993,1.27,Left
103.90399999999211,17.54999999999998,7.559999999999993,1.27,Left
103.9359999999921,17.54999999999998,7.649999999999993,1.27,Up
103.9679999999921,17.54999999999998,7.739999999999993,1.27,Up
103.9999999999921,17.54999999999998,7.829999999999993,1.27,Up
104.0319999999921,17.54999999999998,7.919999999999993,1.27,Up
104.06399999999209,17.54999999999998,8.009999999999993,1.27,Up
104.09599999999209,17.54999999999998,8.099999999999993,1.27,Up
104.12799999999208,17.54999999999998,8.189999999999992,1.27,Up
104.15999999999208,17.54999999999998,8.279999999999992,1.27,Up
104.19199999999208,17.54999999999998,8.369999999999992,1.27,Up
104.22399999999207,17.54999999999998,8.459999999999992,1.27,Up
104.25599999999207,17.54999999999998,8.549999999999992,1.27,Up
104.28799999999207,17.54999999999998,8.639999999999992,1.27,Up
104.31999999999206,17.54999999999998,8.729999999999992,1.27,Up
104.35199999999206,17.54999999999998,8.819999999999991,1.27,Up
104.38399999999206,17.54999999999998,8.909999999999991,1.27,Up
104.41599999999205,17.54999999999998,8.999999999999991,1.27,Up
104.44799999999205,17.54999999999998,9.089999999999991,1.27,Up
104.47999999999205,17.54999999999998,9.17999999999999,1.27,Up
104.51199999999204,17.54999999999998,9.26999999999999,1.27,Up
104.54399999999204,17.54999999999998,9.35999999999999,1.27,Up
104.57599999999204,17.54999999999998,9.44999999999999,1.27,Up
104.60799999999203,17.54999999999998,9.53999999999999,1.27,Up
104.63999999999203,17.54999999999998,9.62999999999999,1.27,Up
104.67199999999202,17.54999999999998,9.71999999999999,1.27,Up
104.70399999999202,17.54999999999998,9.80999999999999,1.27,Up
104.73599999999202,17.54999999999998,9.89999999999999,1.27,Up
104.76799999999201,17.54999999999998,9.98999999999999,1.27,Up
104.79999999999201,17.54999999999998,10.07999999999999,1.27,Up
104.83199999999201,17.54999999999998,10.16999999999999,1.27,Up
104.863999999992,17.54999999999998,10.25999999999999,1.27,Up
104.895999999992,17.54999999999998,10.349999999999989,1.27,Up
104.927999999992,17.54999999999998,10.439999999999989,1.27,Up
104.959999999992,17.54999999999998,10.529999999999989,1.27,Up
104.99199999999199,17.54999999999998,10.619999999999989,1.27,Up
105.02399999999199,17.54999999999998,10.709999999999988,1.27,Up
105.05599999999198,17.54999999999998,10.799999999999988,1.27,Up
105.08799999999198,17.54999999999998,10.889999999999988,1.27,Up
105.11999999999198,17.54999999999998,10.979999999999988,1.27,Up
105.15199999999197,17.54999999999998,11.069999999999988,1.27,Up
105.18399999999197,17.54999999999998,11.159999999999988,1.27,Up
105.21599999999196,17.54999999999998,11.249999999999988,1.27,Up
105.24799999999196,17.54999999999998,11.339999999999987,1.27,Up
105.27999999999196,17.54999999999998,11.429999999999987,1.27,Up
105.31199999999195,17.54999999999998,11.519999999999987,1.27,Up
105.34399999999195,17.54999999999998,11.609999999999987,1.27,Up
105.37599999999195,17.54999999999998,11.699999999999987,1.27,Up
105.40799999999194,17.54999999999998,11.609999999999987,1.27,Down
105.43999999999194,17.54999999999998,11.519999999999987,1.27,Down
105.47199999999194,17.54999999999998,11.429999999999987,1.27,Down
105.50399999999193,17.54999999999998,11.339999999999987,1.27,Down
105.53599999999193,17.54999999999998,11.249999999999988,1.27,Down
105.56799999999193,17.54999999999998,11.159999999999988,1.27,Down
105.59999999999192,17.54999999999998,11.069999999999988,1.27,Down
105.63199999999192,17.54999999999998,10.979999999999988,1.27,Down
105.66399999999192,17.54999999999998,10.889999999999988,1.27,Down
105.69599999999191,17.54999999999998,10.799999999999988,1.27,Down
105.72799999999191,17.54999999999998,10.709999999999988,1.27,Down
105.7599999999919,17.54999999999998,10.619999999999989,1.27,Down
105.7919999999919,17.54999999999998,10.529999999999989,1.27,Down
105.8239999999919,17.54999999999998,10.439999999999989,1.27,Down
105.8559999999919,17.54999999999998,10.349999999999989,1.27,Down
105.88799999999189,17.54999999999998,10.25999999999999,1.27,Down
105.91999999999189,17.54999999999998,10.16999999999999,1.27,Down
105.95199999999188,17.54999999999998,10.07999999999999,1.27,Down
105.98399999999188,17.54999999999998,9.98999999999999,1.27,Down
106.01599999999188,17.54999999999998,9.89999999999999,1.27,Down
106.04799999999187,17.54999999999998,9.80999999999999,1.27,Down
106.07999999999187,17.54999999999998,9.71999999999999,1.27,Down
106.11199999999187,17.54999999999998,9.62999999999999,1.27,Down
106.14399999999186,17.54999999999998,9.71999999999999,1.27,Up
106.17599999999186,17.54999999999998,9.80999999999999,1.27,Up
106.20799999999186,17.54999999999998,9.89999999999999,1.27,Up
106.23999999999185,17.54999999999998,9.98999999999999,1.27,Up
106.27199999999185,17.54999999999998,10.07999999999999,1.27,Up
106.30399999999185,17.54999999999998,10.16999999999999,1.27,Up
106.33599999999184,17.54999999999998,10.25999999999999,1.27,Up
106.36799999999184,17.54999999999998,10.349999999999989,1.27,Up
106.39999999999183,17.54999999999998,10.439999999999989,1.27,Up
106.43199999999183,17.54999999999998,10.529999999999989,1.27,Up
106.46399999999183,17.54999999999998,10.619999999999989,1.27,Up
106.49599999999182,17.54999999999998,10.709999999999988,1.27,Up
106.52799999999182,17.54999999999998,10.799999999999988,1.27,Up
106.55999999999182,17.54999999999998,10.799999999999988,1.27,Stationary
106.59199999999181,17.54999999999998,10.799999999999988,1.27,Stationary
106.62399999999181,17.54999999999998,10.799999999999988,1.27,Stationary
106.6559999999918,17.54999999999998,10.799999999999988,1.27,Stationary
106.6879999999918,17.54999999999998,10.799999999999988,1.27,Stationary
106.7199999999918,17.54999999999998,10.799999999999988,1.27,Stationary
106.7519999999918,17.54999999999998,10.799999999999988,1.27,Stationary
106.78399999999179,17.54999999999998,10.799999999999988,1.27,Stationary
106.81599999999179,17.54999999999998,10.799999999999988,1.27,Stationary
106.84799999999179,17.54999999999998,10.799999999999988,1.27,Stationary
106.87999999999178,17.54999999999998,10.799999999999988,1.27,Stationary
106.91199999999178,17.54999999999998,10.799999999999988,1.27,Stationary
106.94399999999177,17.54999999999998,10.799999999999988,1.27,Stationary
106.97599999999177,17.54999999999998,10.799999999999988,1.27,Stationary
107.00799999999177,17.54999999999998,10.799999999999988,1.27,Stationary
107.03999999999176,17.54999999999998,10.799999999999988,1.27,Stationary
107.07199999999176,17.54999999999998,10.799999999999988,1.27,Stationary
107.10399999999176,17.54999999999998,10.799999999999988,1.27,Stationary
107.13599999999175,17.54999999999998,10.799999999999988,1.27,Stationary
107.16799999999175,17.54999999999998,10.799999999999988,1.27,Stationary
107.19999999999175,17.54999999999998,10.799999999999988,1.27,Stationary
107.23199999999174,17.54999999999998,10.799999999999988,1.27,Stationary
107.26399999999174,17.54999999999998,10.799999999999988,1.27,Stationary
107.29599999999174,17.54999999999998,10.799999999999988,1.27,Stationary
107.32799999999173,17.54999999999998,10.799999999999988,1.27,Stationary
107.35999999999173,17.54999999999998,10.799999999999988,1.27,Stationary
107.39199999999173,17.54999999999998,10.799999999999988,1.27,Stationary
107.42399999999172,17.54999999999998,10.799999999999988,1.27,Stationary
107.45599999999172,17.54999999999998,10.799999999999988,1.27,Stationary
107.48799999999171,17.54999999999998,10.799999999999988,1.27,Stationary
107.51999999999171,17.54999999999998,10.799999999999988,1.27,Stationary
107.55199999999171,17.54999999999998,10.799999999999988,1.27,Stationary
107.5839999999917,17.54999999999998,10.799999999999988,1.27,Stationary
107.6159999999917,17.54999999999998,10.799999999999988,1.27,Stationary
107.6479999999917,17.54999999999998,10.799999999999988,1.27,Stationary
107.6799999999917,17.54999999999998,10.799999999999988,1.27,Stationary
107.71199999999169,17.54999999999998,10.799999999999988,1.27,Stationary
107.74399999999169,17.54999999999998,10.799999999999988,1.27,Stationary
107.77599999999168,17.54999999999998,10.799999999999988,1.27,Stationary
107.80799999999168,17.54999999999998,10.799999999999988,1.27,Stationary
107.83999999999168,17.54999999999998,10.799999999999988,1.27,Stationary
107.87199999999167,17.54999999999998,10.799999999999988,1.27,Stationary
107.90399999999167,17.54999999999998,10.799999999999988,1.27,Stationary
107.93599999999167,17.54999999999998,10.799999999999988,1.27,Stationary
107.96799999999166,17.54999999999998,10.799999999999988,1.27,Stationary
107.99999999999166,17.54999999999998,10.799999999999988,1.27,Stationary
108.03199999999165,17.54999999999998,10.799999999999988,1.27,Stationary
108.06399999999165,17.54999999999998,10.799999999999988,1.27,Stationary
108.09599999999165,17.54999999999998,10.799999999999988,1.27,Stationary
108.12799999999164,17.54999999999998,10.799999999999988,1.27,Stationary
108.15999999999164,17.54999999999998,10.799999999999988,1.27,Stationary
108.19199999999164,17.54999999999998,10.799999999999988,1.27,Stationary
108.22399999999163,17.54999999999998,10.799999999999988,1.27,Stationary
108.25599999999163,17.54999999999998,10.799999999999988,1.27,Stationary
108.28799999999163,17.54999999999998,10.799999999999988,1.27,Stationary
108.31999999999162,17.54999999999998,10.799999999999988,1.27,Stationary
108.35199999999162,17.54999999999998,10.799999999999988,1.27,Stationary
108.38399999999162,17.54999999999998,10.799999999999988,1.27,Stationary
108.41599999999161,17.54999999999998,10.799999999999988,1.27,Stationary
108.44799999999161,17.54999999999998,10.799999999999988,1.27,Stationary
108.4799999999916,17.54999999999998,10.799999999999988,1.27,Stationary
108.5119999999916,17.54999999999998,10.799999999999988,1.27,Stationary
108.5439999999916,17.54999999999998,10.799999999999988,1.27,Stationary
108.5759999999916,17.54999999999998,10.799999999999988,1.27,Stationary
108.60799999999159,17.54999999999998,10.799999999999988,1.27,Stationary
108.63999999999159,17.54999999999998,10.799999999999988,1.27,Stationary
108.67199999999158,17.54999999999998,10.799999999999988,1.27,Stationary
108.70399999999158,17.54999999999998,10.799999999999988,1.27,Stationary
108.73599999999158,17.54999999999998,10.799999999999988,1.27,Stationary
108.76799999999157,17.54999999999998,10.799999999999988,1.27,Stationary
108.79999999999157,17.54999999999998,10.799999999999988,1.27,Stationary
108.83199999999157,17.54999999999998,10.799999999999988,1.27,Stationary
108.86399999999156,17.54999999999998,10.799999999999988,1.27,Stationary
108.89599999999156,17.54999999999998,10.799999999999988,1.27,Stationary
108.92799999999156,17.54999999999998,10.799999999999988,1.27,Stationary
108.95999999999155,17.54999999999998,10.799999999999988,1.27,Stationary
108.99199999999155,17.54999999999998,10.799999999999988,1.27,Stationary
109.02399999999155,17.54999999999998,10.799999999999988,1.27,Stationary
109.05599999999154,17.54999999999998,10.799999999999988,1.27,Stationary
109.08799999999154,17.54999999999998,10.799999999999988,1.27,Stationary
109.11999999999153,17.54999999999998,10.799999999999988,1.27,Stationary
109.15199999999153,17.54999999999998,10.799999999999988,1.27,Stationary
109.18399999999153,17.54999999999998,10.799999999999988,1.27,Stationary
109.21599999999152,17.54999999999998,10.799999999999988,1.27,Stationary
109.24799999999152,17.54999999999998,10.799999999999988,1.27,Stationary
109.27999999999152,17.54999999999998,10.799999999999988,1.27,Stationary
109.31199999999151,17.54999999999998,10.799999999999988,1.27,Stationary
109.34399999999151,17.54999999999998,10.799999999999988,1.27,Stationary
109.3759999999915,17.54999999999998,10.799999999999988,1.27,Stationary
109.4079999999915,17.54999999999998,10.799999999999988,1.27,Stationary
109.4399999999915,17.54999999999998,10.799999999999988,1.27,Stationary
109.4719999999915,17.54999999999998,10.799999999999988,1.27,Stationary
109.50399999999149,17.54999999999998,10.799999999999988,1.27,Stationary
109.53599999999149,17.54999999999998,10.799999999999988,1.27,Stationary
109.56799999999149,17.54999999999998,10.799999999999988,1.27,Stationary
109.59999999999148,17.54999999999998,10.799999999999988,1.27,Stationary
109.63199999999148,17.54999999999998,10.799999999999988,1.27,Stationary
109.66399999999147,17.54999999999998,10.799999999999988,1.27,Stationary
109.69599999999147,17.54999999999998,10.799999999999988,1.27,Stationary
109.72799999999147,17.54999999999998,10.799999999999988,1.27,Stationary
109.75999999999146,17.54999999999998,10.799999999999988,1.27,Stationary
109.79199999999146,17.54999999999998,10.799999999999988,1.27,Stationary
109.82399999999146,17.54999999999998,10.799999999999988,1.27,Stationary
109.85599999999145,17.54999999999998,10.799999999999988,1.27,Stationary
109.88799999999145,17.54999999999998,10.799999999999988,1.27,Stationary
109.91999999999145,17.54999999999998,10.799999999999988,1.27,Stationary
109.95199999999144,17.54999999999998,10.799999999999988,1.27,Stationary
109.98399999999144,17.54999999999998,10.799999999999988,1.27,Stationary
110.01599999999144,17.54999999999998,10.799999999999988,1.27,Stationary
110.04799999999143,17.54999999999998,10.799999999999988,1.27,Stationary
110.07999999999143,17.54999999999998,10.799999999999988,1.27,Stationary
110.11199999999143,17.54999999999998,10.799999999999988,1.27,Stationary
110.14399999999142,17.54999999999998,10.799999999999988,1.27,Stationary
110.17599999999142,17.54999999999998,10.799999999999988,1.27,Stationary
110.20799999999142,17.54999999999998,10.799999999999988,1.27,Stationary
110.23999999999141,17.54999999999998,10.799999999999988,1.27,Stationary
110.27199999999141,17.54999999999998,10.799999999999988,1.27,Stationary
110.3039999999914,17.54999999999998,10.799999999999988,1.27,Stationary
110.3359999999914,17.54999999999998,10.799999999999988,1.27,Stationary
110.3679999999914,17.54999999999998,10.799999999999988,1.27,Stationary
110.3999999999914,17.54999999999998,10.799999999999988,1.27,Stationary
110.43199999999139,17.54999999999998,10.799999999999988,1.27,Stationary
110.46399999999139,17.54999999999998,10.799999999999988,1.27,Stationary
110.49599999999138,17.54999999999998,10.799999999999988,1.27,Stationary
110.52799999999138,17.54999999999998,10.799999999999988,1.27,Stationary
110.55999999999138,17.54999999999998,10.799999999999988,1.27,Stationary
110.59199999999137,17.54999999999998,10.799999999999988,1.27,Stationary
110.62399999999137,17.54999999999998,10.799999999999988,1.27,Stationary
110.65599999999137,17.54999999999998,10.799999999999988,1.27,Stationary
110.68799999999136,17.54999999999998,10.799999999999988,1.27,Stationary
110.71999999999136,17.54999999999998,10.799999999999988,1.27,Stationary
110.75199999999136,17.54999999999998,10.799999999999988,1.27,Stationary
110.78399999999135,17.54999999999998,10.799999999999988,1.27,Stationary
110.81599999999135,17.54999999999998,10.799999999999988,1.27,Stationary
110.84799999999134,17.54999999999998,10.799999999999988,1.27,Stationary
110.87999999999134,17.54999999999998,10.799999999999988,1.27,Stationary
110.91199999999134,17.54999999999998,10.799999999999988,1.27,Stationary
110.94399999999133,17.54999999999998,10.799999999999988,1.27,Stationary
110.97599999999133,17.54999999999998,10.799999999999988,1.27,Stationary
111.00799999999133,17.54999999999998,10.799999999999988,1.27,Stationary
111.03999999999132,17.54999999999998,10.799999999999988,1.27,Stationary
111.07199999999132,17.54999999999998,10.799999999999988,1.27,Stationary
111.10399999999132,17.54999999999998,10.799999999999988,1.27,Stationary
111.13599999999131,17.54999999999998,10.799999999999988,1.27,Stationary
111.16799999999131,17.54999999999998,10.799999999999988,1.27,Stationary
111.1999999999913,17.54999999999998,10.799999999999988,1.27,Stationary
111.2319999999913,17.54999999999998,10.799999999999988,1.27,Stationary
111.2639999999913,17.54999999999998,10.799999999999988,1.27,Stationary
111.2959999999913,17.54999999999998,10.799999999999988,1.27,Stationary
111.32799999999129,17.54999999999998,10.799999999999988,1.27,Stationary
111.35999999999129,17.54999999999998,10.799999999999988,1.27,Stationary
111.39199999999128,17.54999999999998,10.799999999999988,1.27,Stationary
111.42399999999128,17.54999999999998,10.799999999999988,1.27,Stationary
111.45599999999128,17.54999999999998,10.799999999999988,1.27,Stationary
111.48799999999127,17.54999999999998,10.799999999999988,1.27,Stationary
111.51999999999127,17.54999999999998,10.799999999999988,1.27,Stationary
111.55199999999127,17.54999999999998,10.799999999999988,1.27,Stationary
111.58399999999126,17.54999999999998,10.799999999999988,1.27,Stationary
111.61599999999126,17.54999999999998,10.799999999999988,1.27,Stationary
111.64799999999126,17.54999999999998,10.799999999999988,1.27,Stationary
111.67999999999125,17.54999999999998,10.799999999999988,1.27,Stationary
111.71199999999125,17.54999999999998,10.799999999999988,1.27,Stationary
111.74399999999125,17.54999999999998,10.799999999999988,1.27,Stationary
111.77599999999124,17.54999999999998,10.799999999999988,1.27,Stationary
111.80799999999124,17.54999999999998,10.799999999999988,1.27,Stationary
111.83999999999124,17.54999999999998,10.799999999999988,1.27,Stationary
111.87199999999123,17.54999999999998,10.799999999999988,1.27,Stationary
111.90399999999123,17.54999999999998,10.799999999999988,1.27,Stationary
111.93599999999122,17.54999999999998,10.799999999999988,1.27,Stationary
111.96799999999122,17.54999999999998,10.799999999999988,1.27,Stationary
111.99999999999122,17.54999999999998,10.799999999999988,1.27,Stationary
112.03199999999121,17.54999999999998,10.799999999999988,1.27,Stationary
112.06399999999121,17.54999999999998,10.799999999999988,1.27,Stationary
112.09599999999121,17.54999999999998,10.799999999999988,1.27,Stationary
112.1279999999912,17.54999999999998,10.799999999999988,1.27,Stationary
112.1599999999912,17.54999999999998,10.799999999999988,1.27,Stationary
112.1919999999912,17.54999999999998,10.799999999999988,1.27,Stationary
112.2239999999912,17.54999999999998,10.799999999999988,1.27,Stationary
112.25599999999119,17.54999999999998,10.799999999999988,1.27,Stationary
112.28799999999119,17.54999999999998,10.799999999999988,1.27,Stationary
112.31999999999118,17.54999999999998,10.799999999999988,1.27,Stationary
112.35199999999118,17.54999999999998,10.799999999999988,1.27,Stationary
112.38399999999118,17.54999999999998,10.799999999999988,1.27,Stationary
112.41599999999117,17.54999999999998,10.799999999999988,1.27,Stationary
112.44799999999117,17.54999999999998,10.799999999999988,1.27,Stationary
112.47999999999116,17.54999999999998,10.799999999999988,1.27,Stationary
112.51199999999116,17.54999999999998,10.799999999999988,1.27,Stationary
112.54399999999116,17.54999999999998,10.799999999999988,1.27,Stationary
112.57599999999115,17.54999999999998,10.799999999999988,1.27,Stationary
112.60799999999115,17.54999999999998,10.799999999999988,1.27,Stationary
112.63999999999115,17.54999999999998,10.799999999999988,1.27,Stationary
112.67199999999114,17.54999999999998,10.799999999999988,1.27,Stationary
112.70399999999114,17.54999999999998,10.799999999999988,1.27,Stationary
112.73599999999114,17.54999999999998,10.799999999999988,1.27,Stationary
112.76799999999113,17.54999999999998,10.799999999999988,1.27,Stationary
112.79999999999113,17.54999999999998,10.799999999999988,1.27,Stationary
112.83199999999113,17.54999999999998,10.799999999999988,1.27,Stationary
112.86399999999112,17.54999999999998,10.799999999999988,1.27,Stationary
112.89599999999112,17.54999999999998,10.799999999999988,1.27,Stationary
112.92799999999112,17.54999999999998,10.799999999999988,1.27,Stationary
112.95999999999111,17.54999999999998,10.799999999999988,1.27,Stationary
112.99199999999111,17.54999999999998,10.799999999999988,1.27,Stationary
113.0239999999911,17.54999999999998,10.799999999999988,1.27,Stationary
113.0559999999911,17.54999999999998,10.799999999999988,1.27,Stationary
113.0879999999911,17.54999999999998,10.799999999999988,1.27,Stationary
113.1199999999911,17.54999999999998,10.799999999999988,1.27,Stationary
113.15199999999109,17.54999999999998,10.799999999999988,1.27,Stationary
113.18399999999109,17.54999999999998,10.799999999999988,1.27,Stationary
113.21599999999108,17.54999999999998,10.799999999999988,1.27,Stationary
113.24799999999108,17.54999999999998,10.799999999999988,1.27,Stationary
113.27999999999108,17.54999999999998,10.799999999999988,1.27,Stationary
113.31199999999107,17.54999999999998,10.799999999999988,1.27,Stationary
113.34399999999107,17.54999999999998,10.799999999999988,1.27,Stationary
113.37599999999107,17.54999999999998,10.799999999999988,1.27,Stationary
113.40799999999106,17.54999999999998,10.799999999999988,1.27,Stationary
113.43999999999106,17.54999999999998,10.799999999999988,1.27,Stationary
113.47199999999106,17.54999999999998,10.799999999999988,1.27,Stationary
113.50399999999105,17.54999999999998,10.799999999999988,1.27,Stationary
113.53599999999105,17.54999999999998,10.799999999999988,1.27,Stationary
113.56799999999105,17.54999999999998,10.799999999999988,1.27,Stationary
113.59999999999104,17.54999999999998,10.799999999999988,1.27,Stationary
113.63199999999104,17.54999999999998,10.799999999999988,1.27,Stationary
113.66399999999103,17.54999999999998,10.799999999999988,1.27,Stationary
113.69599999999103,17.54999999999998,10.799999999999988,1.27,Stationary
113.72799999999103,17.54999999999998,10.799999999999988,1.27,Stationary
113.75999999999102,17.54999999999998,10.799999999999988,1.27,Stationary
